student_id,gender,age,city_tier,course_type,enroll_months,total_courses,total_study_hours,avg_score,completion_rate,last_login_days,device_type,is_vip,churn_risk
20001,男,25,三线,编程,23,4,9.3,74.0,0.68,29,平板,0,高
20002,女,27,一线,编程,10,7,243.2,82.8,0.81,67,手机,0,低
20003,女,34,一线,语言,20,5,19.2,68.0,0.21,2,手机,1,高
20004,女,43,三线,营销,15,3,65.8,100.0,0.61,25,手机,1,低
20005,男,26,一线,营销,18,9,30.8,98.8,0.69,19,电脑,1,中
20006,男,39,三线,营销,20,6,8.1,75.1,0.68,40,手机,1,中
20007,男,36,二线,营销,13,2,42.4,79.6,0.41,2,手机,0,低
20008,女,31,二线,编程,8,9,134.1,91.3,0.32,83,手机,0,低
20009,女,25,四线,设计,9,6,8.9,73.2,0.32,65,手机,1,低
20010,女,26,四线,编程,16,3,183.8,67.1,0.76,62,手机,0,低
20011,男,39,一线,设计,19,6,15.3,85.5,0.3,54,电脑,1,低
20012,女,28,三线,营销,16,3,26.5,75.9,0.26,45,手机,1,低
20013,女,40,四线,设计,7,2,121.0,77.2,0.58,49,手机,1,低
20014,男,18,一线,设计,14,8,20.2,65.0,0.28,69,电脑,0,中
20015,男,31,四线,设计,14,4,57.8,54.4,0.86,38,电脑,1,低
20016,男,22,二线,编程,4,5,34.1,77.8,0.47,4,手机,0,低
20017,男,38,二线,设计,15,4,66.3,85.9,0.87,17,手机,0,中
20018,女,43,四线,编程,3,3,1.5,72.3,0.5,53,电脑,0,低
20019,男,31,二线,编程,5,4,3.5,92.2,0.58,85,手机,1,低
20020,男,21,三线,编程,1,3,137.5,66.6,0.67,53,电脑,1,中
20021,女,39,四线,设计,3,11,258.7,62.3,0.86,31,手机,0,中
20022,男,40,一线,营销,15,6,13.9,74.2,0.47,22,手机,0,中
20023,男,42,三线,编程,8,5,37.9,74.0,0.37,11,手机,0,低
20024,男,18,四线,设计,4,5,85.0,84.2,0.36,34,电脑,1,低
20025,男,39,一线,营销,2,5,154.4,65.7,0.67,15,平板,0,高
20026,女,40,四线,编程,10,3,2.6,91.4,0.75,10,手机,0,低
20027,男,36,三线,语言,4,6,14.5,98.6,0.75,53,电脑,0,高
20028,女,25,三线,设计,3,4,33.2,74.5,0.84,48,手机,0,低
20029,女,32,三线,设计,2,5,156.8,90.0,0.82,31,手机,0,中
20030,男,38,二线,营销,17,3,2316.1,62.3,0.44,37,电脑,0,中
20031,女,32,四线,编程,23,7,38.8,87.9,0.07,28,手机,1,低
20032,男,26,四线,营销,21,3,6.6,87.6,0.51,31,平板,1,高
20033,男,38,三线,设计,20,6,99.8,85.4,0.79,70,电脑,0,高
20034,女,26,四线,语言,23,7,396.0,74.8,0.36,14,平板,1,中
20035,女,27,三线,编程,13,1,64.2,39.5,0.75,87,电脑,0,中
20036,女,37,三线,设计,5,6,14.0,67.3,0.59,16,手机,0,中
20037,男,42,三线,营销,21,4,229.7,67.5,0.58,25,手机,0,低
20038,男,38,三线,编程,9,2,147.7,63.3,0.76,39,手机,0,低
20039,女,43,三线,设计,22,2,11.7,76.5,0.46,66,手机,1,低
20040,男,26,四线,营销,6,5,96.8,70.0,0.82,38,手机,0,低
20041,男,20,三线,语言,5,5,243.7,65.1,0.69,41,手机,0,中
20042,女,37,一线,设计,10,3,321.4,62.3,0.91,40,平板,1,中
20043,男,42,二线,营销,8,5,49.4,66.4,0.59,64,手机,0,中
20044,女,43,三线,语言,7,11,31.9,88.5,0.49,89,电脑,1,低
20045,男,28,三线,语言,7,2,344.1,67.1,0.83,16,平板,1,低
20046,女,23,三线,编程,6,6,8.9,68.8,0.61,82,电脑,0,中
20047,男,19,三线,营销,21,5,105.4,69.5,0.24,77,手机,1,中
20048,女,24,三线,设计,20,3,7.0,79.1,0.92,59,手机,0,低
20049,女,35,三线,语言,3,4,269.9,80.5,0.62,11,手机,0,低
20050,男,44,二线,设计,19,10,37.1,38.5,0.87,1,手机,0,低
20051,女,19,三线,编程,22,1,366.1,87.3,0.65,13,手机,0,中
20052,女,44,三线,营销,15,8,114.1,92.2,0.37,30,电脑,1,低
20053,女,34,四线,设计,4,3,8.7,62.4,0.69,69,手机,0,中
20054,女,28,三线,语言,12,5,462.6,63.3,0.76,18,电脑,0,低
20055,女,44,一线,语言,6,4,559.4,69.6,0.4,78,平板,1,低
20056,女,29,二线,营销,19,11,205.1,65.9,0.52,13,手机,0,低
20057,男,44,一线,编程,4,3,17.4,77.7,0.6,32,手机,0,高
20058,男,36,三线,营销,15,4,34.5,51.6,0.87,71,电脑,0,中
20059,男,39,二线,编程,9,3,67.9,61.6,0.21,72,手机,1,中
20060,男,41,三线,编程,5,3,19.0,93.5,0.61,50,电脑,0,中
20061,男,42,三线,语言,13,8,691.3,63.9,0.76,71,手机,0,低
20062,男,24,一线,编程,23,1,67.8,89.9,0.29,80,电脑,0,低
20063,女,37,三线,设计,18,5,0.9,79.3,0.99,31,手机,0,高
20064,男,23,二线,语言,5,7,90.8,53.3,0.81,51,手机,1,中
20065,男,38,三线,设计,16,3,32.4,82.6,0.28,27,电脑,0,高
20066,女,41,二线,编程,19,7,48.8,73.6,0.56,60,手机,0,低
20067,男,18,四线,语言,14,5,31.4,69.5,0.41,33,手机,0,低
20068,女,34,二线,编程,16,7,183.2,77.9,0.47,53,手机,1,中
20069,男,28,四线,营销,15,5,292.8,80.7,0.59,72,手机,1,高
20070,女,39,三线,语言,22,7,83.5,83.5,0.15,33,电脑,0,低
20071,女,43,四线,语言,4,5,32.8,89.1,0.15,41,电脑,0,低
20072,男,35,三线,营销,7,4,51.3,79.9,0.6,19,电脑,0,中
20073,男,38,三线,设计,16,5,56.2,58.5,0.58,85,电脑,0,低
20074,女,34,四线,编程,22,11,16.4,69.3,0.59,41,手机,0,低
20075,女,24,三线,语言,21,7,130.1,100.0,0.64,85,手机,0,低
20076,女,34,三线,语言,22,6,108.9,83.7,0.39,89,电脑,0,低
20077,女,37,三线,设计,21,3,550.4,100.0,0.68,42,电脑,1,中
20078,男,26,三线,编程,8,0,358.9,91.7,0.67,23,手机,0,低
20079,男,34,一线,编程,17,10,19.5,77.9,0.95,75,手机,1,中
20080,男,37,二线,编程,16,5,186.9,78.6,0.5,33,手机,0,中
20081,女,39,三线,营销,23,5,13.1,74.6,0.46,20,电脑,1,高
20082,女,39,三线,设计,10,3,155.1,54.1,0.71,25,电脑,0,中
20083,男,25,四线,语言,10,4,25.2,75.2,0.65,52,手机,0,高
20084,男,34,三线,营销,2,2,11.8,89.5,0.47,12,电脑,1,低
20085,男,24,四线,编程,9,2,83.1,67.8,0.63,32,手机,0,低
20086,男,18,二线,营销,17,7,1.0,79.9,0.74,33,手机,0,低
20087,女,30,二线,设计,11,3,3.9,85.2,0.63,74,电脑,0,中
20088,女,40,二线,营销,10,1,41.8,64.1,0.68,68,手机,1,中
20089,女,36,三线,营销,22,3,61.8,69.6,0.42,15,手机,0,低
20090,男,44,四线,语言,17,7,31.4,62.8,0.74,51,平板,1,中
20091,男,41,二线,语言,4,5,5.1,65.1,0.69,6,电脑,0,低
20092,女,36,四线,编程,16,5,16.0,59.5,0.33,69,电脑,0,中
20093,女,34,三线,编程,20,4,98.2,64.2,0.71,69,手机,0,低
20094,女,30,三线,营销,15,5,130.7,92.0,0.46,82,手机,0,高
20095,女,33,三线,编程,21,5,53.3,64.0,0.98,35,平板,0,低
20096,女,25,二线,设计,5,3,309.6,76.5,0.52,86,电脑,0,低
20097,女,36,三线,编程,6,3,99.1,69.0,0.39,34,电脑,0,低
20098,男,35,三线,营销,17,6,17.8,89.1,0.47,63,手机,0,低
20099,男,18,一线,编程,1,6,35.8,90.7,0.63,68,手机,0,中
20100,男,31,三线,营销,19,4,6.7,85.4,0.5,18,平板,1,低
20101,男,36,一线,语言,4,9,46.4,78.7,0.7,26,电脑,1,中
20102,女,32,三线,编程,17,6,289.5,72.2,0.39,86,手机,1,低
20103,男,35,三线,编程,9,5,152.6,60.7,0.38,61,手机,0,高
20104,女,19,三线,设计,2,5,447.2,98.3,0.6,78,手机,1,低
20105,女,39,三线,语言,8,4,34.7,65.9,0.27,74,手机,0,低
20106,男,34,一线,编程,15,10,411.2,83.0,0.79,88,手机,0,中
20107,男,35,三线,设计,7,6,40.9,87.7,0.43,85,手机,1,中
20108,女,23,二线,编程,6,2,496.4,68.3,0.6,48,电脑,1,高
20109,男,36,二线,营销,1,4,52.8,87.5,0.31,72,手机,0,低
20110,男,21,四线,设计,15,3,157.7,84.2,0.24,31,平板,0,中
20111,男,18,一线,营销,23,2,499.0,95.7,0.85,34,手机,0,低
20112,男,25,三线,语言,7,5,40.8,69.4,0.47,87,电脑,0,低
20113,女,40,三线,编程,17,6,75.8,59.6,0.36,89,手机,1,低
20114,女,24,二线,语言,2,5,377.4,68.9,0.77,7,电脑,0,低
20115,女,20,二线,编程,9,10,44.7,77.5,0.95,83,平板,1,高
20116,女,27,二线,语言,9,5,7.5,75.7,0.57,7,电脑,0,低
20117,女,27,四线,营销,13,5,1359.0,70.3,0.72,47,电脑,1,低
20118,男,36,三线,语言,6,4,27.0,52.1,0.81,8,手机,1,低
20119,女,31,二线,编程,6,4,69.3,80.6,0.7,78,电脑,0,低
20120,女,19,三线,编程,20,3,309.2,98.7,0.49,1,平板,0,低
20121,女,18,三线,设计,20,6,21.9,80.6,0.89,77,平板,1,高
20122,女,40,一线,设计,21,4,12.0,82.3,0.43,3,手机,0,低
20123,男,40,三线,编程,3,2,79.9,81.9,0.86,53,平板,0,低
20124,男,35,三线,设计,17,9,3.7,79.8,0.51,38,手机,0,低
20125,男,24,四线,编程,17,5,35.5,86.2,0.5,51,手机,0,低
20126,男,25,二线,设计,12,9,78.9,79.7,0.26,15,手机,1,中
20127,女,18,二线,语言,16,5,36.4,71.2,0.54,67,手机,0,低
20128,女,42,二线,设计,15,5,5.4,65.4,0.53,64,电脑,1,低
20129,男,40,三线,编程,13,1,596.6,72.0,0.8,68,电脑,0,高
20130,女,20,二线,设计,23,5,63.8,78.8,0.78,5,电脑,1,低
20131,男,41,三线,编程,1,8,467.2,71.2,0.66,89,电脑,0,中
20132,男,40,四线,语言,17,6,37.0,78.8,0.44,10,电脑,0,低
20133,男,44,三线,编程,3,2,14.6,80.3,0.83,8,电脑,0,中
20134,男,25,三线,营销,15,5,81.8,85.0,0.33,12,手机,1,低
20135,女,39,四线,语言,4,5,39.5,90.4,0.43,64,电脑,0,高
20136,男,42,三线,语言,4,4,9.3,75.9,0.54,59,电脑,1,中
20137,女,32,三线,营销,18,6,495.1,59.3,0.7,67,电脑,0,中
20138,女,22,一线,语言,17,5,21.5,70.9,0.41,50,电脑,0,中
20139,男,20,四线,语言,19,6,3.5,75.5,0.7,23,电脑,1,低
20140,女,36,一线,营销,11,5,400.3,53.0,0.18,40,手机,0,高
20141,女,18,二线,营销,20,4,25.6,91.7,0.92,78,手机,0,低
20142,男,32,一线,营销,3,7,21.9,76.7,0.47,87,电脑,0,低
20143,女,25,三线,设计,8,5,3.9,79.6,0.8,77,手机,0,低
20144,男,19,二线,营销,14,7,743.5,91.4,0.15,76,电脑,0,低
20145,男,20,二线,设计,1,6,7.9,67.4,0.23,18,手机,0,中
20146,男,41,一线,编程,14,4,59.6,81.9,0.88,21,手机,0,中
20147,女,31,一线,编程,2,8,214.6,73.7,0.29,1,电脑,1,低
20148,女,41,三线,编程,23,4,102.8,72.8,0.71,38,手机,1,高
20149,男,31,三线,编程,4,3,49.9,65.7,0.8,41,电脑,0,低
20150,男,28,二线,编程,19,5,4.3,95.0,0.38,42,手机,0,高
20151,女,33,三线,营销,6,10,16.2,70.5,0.85,9,手机,0,低
20152,男,21,三线,编程,1,6,72.4,83.4,0.68,23,电脑,1,高
20153,男,37,一线,语言,17,4,16.8,52.5,0.79,78,手机,0,低
20154,女,22,二线,编程,8,3,74.1,89.2,0.46,11,电脑,0,高
20155,女,39,四线,编程,19,3,151.8,87.6,0.37,71,电脑,1,高
20156,男,38,三线,营销,21,5,231.3,76.2,0.71,31,手机,0,低
20157,女,31,二线,营销,1,2,8.7,72.3,0.81,88,电脑,1,中
20158,女,40,三线,编程,5,6,1472.9,79.8,0.62,26,电脑,0,低
20159,男,33,二线,语言,16,2,172.6,100.0,0.9,30,手机,0,低
20160,女,35,三线,语言,6,5,54.5,53.8,0.78,34,手机,1,高
20161,男,24,一线,设计,8,2,279.9,84.4,0.88,46,手机,0,低
20162,女,27,一线,设计,13,6,1897.2,64.1,0.94,69,电脑,1,中
20163,女,24,一线,语言,16,3,6.3,74.8,0.84,5,电脑,0,低
20164,女,18,四线,营销,3,5,38.9,72.0,0.71,61,电脑,1,低
20165,男,40,三线,设计,19,2,1.5,69.9,0.31,83,电脑,0,低
20166,女,38,二线,语言,12,6,72.9,74.9,0.95,38,电脑,0,中
20167,男,36,二线,编程,16,6,94.5,61.4,0.42,28,电脑,0,中
20168,男,33,三线,设计,11,7,51.5,87.4,0.53,26,电脑,0,低
20169,男,36,二线,编程,10,6,20.5,53.5,0.41,61,手机,0,中
20170,女,21,二线,营销,20,6,2.5,81.5,0.57,23,电脑,0,中
20171,女,35,四线,营销,4,4,95.6,71.1,0.4,46,电脑,0,低
20172,男,19,二线,营销,12,4,484.5,60.9,0.67,30,电脑,0,低
20173,女,18,三线,编程,23,7,22.5,77.4,0.55,67,电脑,0,高
20174,男,32,四线,编程,2,5,105.6,56.3,0.65,33,手机,0,中
20175,女,22,二线,设计,22,5,5.2,75.5,0.74,3,电脑,0,中
20176,男,37,一线,营销,19,8,108.4,57.9,0.2,69,手机,1,高
20177,女,28,二线,设计,5,4,30.3,80.5,0.82,83,电脑,0,中
20178,男,27,四线,编程,8,2,17.4,63.9,0.43,42,手机,0,高
20179,女,19,四线,语言,7,3,17.5,69.6,0.48,62,电脑,0,低
20180,男,20,四线,编程,14,4,30.3,78.5,0.72,58,电脑,1,低
20181,男,40,一线,语言,23,6,96.9,65.7,0.38,57,电脑,0,高
20182,男,40,四线,编程,3,9,7.6,74.3,0.58,1,手机,0,高
20183,女,29,四线,营销,18,3,30.1,56.8,0.69,73,平板,0,低
20184,女,37,三线,编程,16,5,51.3,82.6,0.67,60,电脑,0,中
20185,男,22,四线,语言,23,3,10.5,96.2,0.48,69,电脑,1,低
20186,女,22,四线,设计,19,2,808.4,100.0,0.53,59,手机,0,低
20187,女,23,三线,编程,19,4,15.2,76.1,0.24,46,电脑,0,低
20188,女,26,三线,设计,18,9,20.0,84.5,0.34,34,手机,1,高
20189,女,19,二线,编程,20,4,12.6,53.6,0.33,25,电脑,0,低
20190,男,38,二线,编程,16,5,810.6,93.0,0.74,42,手机,1,低
20191,男,29,三线,语言,8,8,125.1,84.3,0.42,29,电脑,0,低
20192,女,20,二线,设计,1,8,13.4,69.2,0.58,25,电脑,1,低
20193,女,37,四线,营销,17,5,287.0,89.8,0.66,54,手机,1,中
20194,女,43,四线,营销,12,3,73.8,71.9,0.49,73,手机,0,中
20195,男,39,四线,营销,21,9,80.3,69.5,0.4,67,电脑,1,低
20196,男,29,一线,编程,11,2,32.6,80.7,0.53,15,手机,0,低
20197,女,41,二线,编程,5,8,17.7,62.2,0.83,4,电脑,0,低
20198,女,34,一线,营销,12,7,90.6,87.3,0.76,38,手机,0,低
20199,女,27,三线,语言,17,6,24.1,62.3,0.85,20,手机,0,高
20200,女,41,四线,编程,6,9,833.1,62.4,0.89,23,手机,1,中
20201,女,44,四线,编程,1,3,8.1,64.1,0.53,37,电脑,0,低
20202,男,31,三线,设计,5,6,546.9,84.1,0.59,62,手机,1,高
20203,男,40,四线,语言,14,7,46.2,67.6,0.67,8,电脑,0,低
20204,女,34,四线,编程,5,7,85.5,58.8,0.38,37,电脑,0,中
20205,女,35,二线,设计,22,5,190.5,67.7,0.59,45,手机,0,低
20206,男,36,四线,语言,1,5,21.2,74.6,0.58,33,电脑,0,低
20207,男,34,二线,编程,18,1,199.6,60.8,0.48,7,手机,1,中
20208,女,31,二线,编程,16,7,0.9,61.2,0.58,22,电脑,1,高
20209,男,26,三线,营销,9,4,18.5,100.0,0.65,5,手机,1,低
20210,男,25,二线,语言,19,7,13.7,64.7,0.63,15,手机,1,低
20211,女,19,三线,编程,22,5,8.3,71.1,0.76,21,电脑,0,低
20212,女,30,三线,设计,5,5,39.6,70.6,0.37,89,平板,0,高
20213,女,42,三线,设计,2,3,97.4,69.9,0.68,17,手机,0,高
20214,男,24,二线,设计,15,5,156.6,82.5,0.71,56,电脑,0,中
20215,女,26,三线,营销,7,5,78.4,86.4,0.69,50,手机,0,高
20216,男,39,三线,设计,4,4,20.1,71.3,0.38,7,电脑,0,低
20217,男,39,三线,设计,1,3,95.0,60.2,0.8,50,电脑,0,低
20218,女,28,三线,设计,13,3,65.8,90.3,0.42,60,手机,0,中
20219,女,31,一线,营销,20,5,222.3,73.9,0.8,83,手机,1,中
20220,女,21,三线,设计,22,10,175.1,95.8,0.62,7,手机,0,中
20221,女,43,二线,语言,7,2,57.2,48.1,0.63,40,手机,0,低
20222,女,43,三线,编程,15,5,14.2,77.3,0.47,45,手机,0,低
20223,男,30,四线,语言,23,3,20.5,98.0,0.86,59,电脑,1,低
20224,男,19,三线,语言,14,4,23.9,70.8,0.35,88,平板,1,中
20225,男,40,三线,编程,23,6,34.0,72.3,0.81,75,手机,0,低
20226,男,22,四线,设计,19,3,81.6,78.5,0.28,55,电脑,0,中
20227,女,28,四线,设计,22,4,159.6,68.3,0.74,64,电脑,1,中
20228,男,23,四线,编程,20,4,50.6,71.3,0.68,65,平板,0,低
20229,女,35,四线,设计,18,5,55.9,70.9,0.47,54,电脑,1,低
20230,女,38,一线,编程,10,8,67.7,67.5,0.17,40,电脑,1,中
20231,女,27,一线,编程,9,5,25.2,89.7,0.33,53,手机,0,高
20232,女,21,三线,语言,8,6,13.6,80.5,0.42,44,手机,0,中
20233,女,26,二线,编程,10,3,3.9,78.0,0.92,63,手机,0,中
20234,女,23,三线,语言,17,4,19.2,84.7,0.64,2,手机,0,低
20235,男,19,二线,设计,2,5,111.0,71.8,0.53,79,手机,1,低
20236,女,34,三线,语言,6,6,19.0,65.7,0.86,21,电脑,1,高
20237,男,22,三线,营销,5,7,38.2,67.8,0.74,88,手机,1,中
20238,男,42,三线,编程,9,5,109.9,75.0,0.45,50,电脑,0,高
20239,女,23,三线,营销,5,2,119.2,62.3,0.44,81,手机,0,低
20240,男,43,四线,编程,18,6,10.8,69.0,0.53,52,平板,0,中
20241,女,29,三线,设计,20,4,243.6,68.8,0.7,9,电脑,0,低
20242,女,40,四线,语言,9,2,296.2,100.0,0.24,20,手机,0,中
20243,女,38,一线,编程,17,4,10.0,41.7,0.82,83,手机,0,低
20244,男,27,四线,设计,17,2,15.9,72.8,0.7,18,电脑,0,低
20245,男,39,三线,营销,12,3,325.9,95.7,0.6,84,手机,1,低
20246,女,38,二线,语言,7,4,43.8,76.5,0.46,30,手机,0,低
20247,男,44,二线,营销,3,7,2.0,84.0,0.6,65,手机,1,低
20248,女,42,三线,编程,10,5,6.7,76.2,0.52,24,平板,0,低
20249,女,23,二线,营销,2,5,37.6,67.0,0.46,88,电脑,0,中
20250,女,44,二线,编程,3,7,9.5,48.1,0.26,47,电脑,1,高
20251,男,25,三线,营销,16,9,29.4,77.5,0.86,83,电脑,1,高
20252,男,19,三线,语言,2,7,57.3,65.7,0.72,44,平板,0,低
20253,女,29,三线,营销,10,6,489.5,65.4,0.67,29,平板,0,低
20254,男,30,四线,语言,6,6,35.3,69.0,0.8,77,平板,0,高
20255,男,42,三线,编程,22,9,272.8,95.9,0.59,68,手机,0,低
20256,女,38,三线,营销,11,2,465.5,100.0,0.58,17,手机,1,低
20257,女,24,一线,语言,23,3,469.4,77.6,0.29,5,电脑,0,低
20258,女,27,三线,编程,7,9,83.7,69.4,0.44,88,电脑,0,低
20259,女,30,二线,语言,15,3,2.9,60.9,0.68,81,手机,1,低
20260,男,34,四线,编程,6,8,109.0,80.6,0.77,50,手机,0,中
20261,女,43,四线,营销,20,5,263.1,96.4,0.36,40,电脑,0,中
20262,女,38,三线,语言,9,4,48.3,72.0,0.99,46,电脑,0,低
20263,男,43,一线,营销,22,9,747.6,46.5,0.91,51,手机,0,中
20264,女,31,四线,编程,20,2,198.3,83.0,0.46,11,电脑,0,高
20265,女,19,四线,营销,12,5,128.0,86.8,0.78,12,电脑,0,低
20266,女,39,二线,设计,19,10,278.5,56.0,0.66,13,电脑,0,低
20267,女,28,二线,语言,20,5,90.0,77.1,0.42,64,手机,1,低
20268,女,18,四线,设计,3,4,1.3,80.4,0.41,8,手机,1,中
20269,男,36,二线,设计,15,7,25.8,74.1,0.74,65,手机,0,低
20270,男,38,四线,营销,2,3,328.9,65.5,0.71,9,手机,0,中
20271,女,21,三线,设计,21,6,16.3,87.2,0.39,2,电脑,0,高
20272,女,36,一线,营销,2,3,39.0,70.2,0.66,78,手机,0,低
20273,女,43,四线,营销,22,3,11.4,57.2,0.81,13,平板,1,高
20274,女,38,二线,语言,3,4,793.0,50.4,0.54,2,手机,0,高
20275,女,28,三线,营销,6,1,680.1,90.1,0.62,68,手机,0,低
20276,女,25,一线,设计,15,2,14.5,82.4,0.54,76,电脑,0,高
20277,女,28,一线,编程,10,4,68.1,76.1,0.74,48,电脑,0,低
20278,女,21,三线,编程,9,5,19.7,69.7,0.54,74,手机,0,低
20279,女,34,三线,编程,1,8,137.3,68.7,0.24,3,电脑,1,低
20280,女,44,三线,编程,16,7,117.3,62.1,0.91,68,电脑,1,高
20281,女,24,四线,营销,6,7,184.5,69.8,0.34,6,电脑,1,低
20282,男,25,三线,营销,9,2,89.8,49.6,0.35,87,电脑,1,中
20283,男,20,二线,设计,4,6,4460.9,66.2,0.73,5,手机,1,低
20284,男,39,二线,语言,2,8,11.7,71.3,0.36,3,电脑,0,中
20285,女,19,四线,语言,4,6,4.2,82.3,0.85,10,电脑,0,中
20286,男,40,四线,语言,1,4,30.3,74.5,0.47,43,手机,1,低
20287,男,32,三线,营销,19,4,5.2,84.5,0.87,19,手机,0,中
20288,女,41,二线,设计,10,4,5.8,91.2,0.32,14,平板,0,高
20289,男,39,二线,设计,21,1,12.2,87.7,0.58,21,手机,0,中
20290,女,39,三线,编程,15,6,13.7,80.6,0.79,43,手机,0,低
20291,男,22,四线,设计,22,8,13.0,75.1,0.69,28,平板,0,中
20292,男,41,三线,语言,19,7,118.8,63.2,0.38,21,手机,0,中
20293,女,18,四线,语言,16,7,25.6,83.9,0.7,36,手机,0,高
20294,男,43,四线,编程,21,6,41.7,95.2,0.82,24,电脑,1,低
20295,男,21,一线,设计,22,6,208.8,79.1,0.47,54,电脑,0,低
20296,女,32,三线,语言,4,4,17.3,98.0,0.45,38,手机,1,中
20297,女,37,二线,编程,2,3,36.7,56.7,0.38,17,电脑,0,中
20298,男,36,二线,设计,13,6,94.5,61.2,0.72,22,电脑,0,高
20299,女,20,四线,语言,1,3,3.0,85.3,0.67,83,电脑,0,中
20300,男,37,三线,设计,17,10,1.5,78.2,0.66,45,手机,0,高
20301,男,28,三线,编程,13,5,91.8,90.8,0.66,74,手机,0,中
20302,女,34,二线,设计,4,6,114.2,74.8,0.6,61,手机,1,低
20303,女,44,二线,语言,7,6,1207.5,64.6,0.53,11,电脑,1,低
20304,女,30,二线,营销,17,4,69.2,72.4,0.62,61,电脑,1,高
20305,女,28,二线,编程,9,6,186.7,56.6,0.42,38,平板,0,低
20306,女,19,三线,设计,4,5,40.7,61.5,0.8,66,电脑,0,低
20307,女,26,二线,设计,19,3,85.3,86.7,0.83,33,电脑,0,低
20308,男,43,三线,营销,1,2,665.7,85.5,0.67,43,手机,0,低
20309,女,19,一线,营销,10,3,2.3,79.4,0.6,31,电脑,0,中
20310,男,38,一线,编程,4,2,101.5,54.3,0.25,35,电脑,0,高
20311,男,26,二线,语言,9,8,1344.0,70.7,0.35,37,电脑,0,低
20312,男,26,三线,编程,13,7,83.4,60.3,0.64,47,手机,0,中
20313,男,25,三线,设计,14,4,649.3,89.1,0.59,23,平板,0,高
20314,女,34,三线,编程,10,3,21.2,68.0,0.85,36,手机,0,中
20315,女,18,三线,设计,6,3,52.0,62.0,0.81,40,手机,0,中
20316,女,42,三线,设计,16,6,57.4,75.4,0.95,89,电脑,1,低
20317,男,28,一线,设计,6,5,2.0,67.3,0.88,81,电脑,0,高
20318,男,25,二线,编程,17,1,9.5,92.8,0.68,15,手机,0,中
20319,男,27,四线,营销,10,8,10.5,66.2,0.72,37,电脑,0,中
20320,男,42,三线,编程,18,9,187.4,58.2,0.55,4,手机,0,中
20321,女,24,二线,营销,22,4,202.0,49.2,0.92,22,手机,1,低
20322,女,20,四线,语言,18,7,88.8,74.6,0.66,81,手机,1,高
20323,女,20,四线,设计,3,3,187.9,68.3,0.49,22,电脑,0,低
20324,男,35,二线,设计,20,7,42.7,57.9,0.91,81,平板,0,低
20325,女,22,三线,设计,21,5,331.3,89.3,0.74,78,电脑,1,低
20326,女,29,三线,编程,15,6,55.3,83.0,0.81,78,平板,0,中
20327,女,29,三线,设计,15,8,59.5,74.7,0.45,17,手机,1,中
20328,女,36,二线,营销,4,2,36.7,91.4,0.48,72,手机,0,低
20329,男,23,二线,营销,9,4,152.4,83.0,0.77,86,电脑,0,低
20330,男,19,三线,编程,19,9,29.0,65.1,0.19,80,手机,1,中
20331,男,29,三线,语言,17,4,236.2,62.5,0.47,80,电脑,0,高
20332,女,36,四线,设计,11,4,10.0,84.8,0.69,38,电脑,0,中
20333,男,22,三线,语言,9,3,10.5,79.8,0.43,24,平板,0,低
20334,男,29,一线,营销,10,4,153.1,77.0,0.75,6,手机,0,中
20335,男,44,三线,营销,18,4,47.8,64.8,0.8,68,手机,1,低
20336,男,44,二线,编程,20,6,27.6,82.3,0.75,82,电脑,0,低
20337,女,34,三线,编程,13,7,207.5,65.9,0.73,6,手机,0,低
20338,女,34,三线,语言,8,3,22.0,73.8,0.64,26,电脑,1,低
20339,男,27,二线,编程,7,6,40.4,92.4,0.78,41,手机,0,中
20340,男,42,三线,语言,17,8,445.3,67.1,0.36,75,手机,0,低
20341,女,40,二线,设计,21,7,549.3,56.1,0.61,38,手机,1,低
20342,男,34,一线,编程,23,3,577.4,62.4,0.48,80,手机,1,低
20343,男,32,二线,编程,15,4,35.8,86.9,0.34,83,电脑,0,中
20344,男,29,二线,编程,20,6,345.9,78.1,0.19,43,手机,0,低
20345,男,33,四线,语言,15,8,13.2,73.5,0.37,53,手机,1,中
20346,女,41,三线,设计,1,3,14.0,68.9,0.29,15,手机,1,中
20347,女,36,二线,设计,14,4,1.6,80.8,0.66,56,手机,1,低
20348,男,25,三线,设计,5,3,671.4,64.8,0.54,56,手机,0,低
20349,男,38,一线,编程,11,8,14.9,78.7,0.83,31,手机,0,低
20350,女,34,四线,设计,16,1,45.2,66.2,0.63,83,电脑,0,中
20351,女,40,三线,编程,2,3,13.9,64.2,0.79,57,电脑,1,低
20352,女,22,四线,语言,8,7,154.9,67.4,0.51,51,电脑,1,中
20353,女,39,二线,设计,11,5,31.1,70.5,0.76,24,电脑,0,低
20354,男,33,三线,设计,18,9,7.7,74.4,0.62,58,手机,0,中
20355,男,23,三线,设计,3,5,105.9,77.8,0.48,73,电脑,0,低
20356,女,25,四线,设计,1,4,6.4,30.7,0.76,87,电脑,1,低
20357,男,42,一线,语言,11,5,15.5,65.3,0.52,4,手机,0,中
20358,女,35,二线,设计,16,7,2.3,70.3,0.77,10,电脑,0,中
20359,女,42,四线,编程,18,3,6.4,93.1,0.43,63,手机,0,低
20360,女,29,三线,营销,16,6,71.4,62.0,0.93,73,手机,0,低
20361,男,32,二线,编程,23,7,2.9,77.0,0.35,83,电脑,0,低
20362,女,44,一线,编程,10,4,5.9,92.9,0.36,15,手机,1,低
20363,男,43,四线,语言,18,4,54.4,59.2,0.46,63,手机,1,中
20364,女,26,一线,营销,6,4,24.2,79.7,0.12,19,手机,0,中
20365,女,30,三线,语言,19,3,1083.6,65.4,0.81,63,手机,0,中
20366,男,43,四线,设计,4,4,854.8,68.9,0.43,56,手机,1,高
20367,女,32,二线,设计,13,2,14.9,65.4,0.24,21,电脑,0,低
20368,女,27,三线,编程,14,7,125.9,66.2,0.36,34,电脑,0,高
20369,男,33,一线,编程,3,6,168.0,100.0,0.52,17,电脑,1,低
20370,男,24,二线,语言,10,7,22.3,85.1,0.77,18,手机,1,低
20371,男,34,四线,设计,6,5,5.8,88.2,0.77,81,平板,1,低
20372,男,40,四线,语言,1,4,53.6,80.9,0.37,66,电脑,0,低
20373,男,43,三线,营销,23,5,42.1,55.7,0.49,51,手机,0,中
20374,女,38,三线,编程,14,4,28.4,79.7,0.78,65,电脑,0,低
20375,男,39,二线,设计,8,7,106.0,87.9,0.75,43,电脑,0,高
20376,男,43,一线,营销,19,5,17.7,64.8,0.6,57,电脑,1,高
20377,女,24,一线,编程,14,6,9.7,86.6,0.68,10,手机,0,低
20378,男,31,二线,语言,10,5,64.3,83.5,0.64,37,手机,1,高
20379,女,32,二线,设计,17,2,97.4,97.2,0.58,48,电脑,0,低
20380,男,38,二线,编程,9,4,9.3,70.0,0.84,69,电脑,0,低
20381,男,24,二线,营销,6,4,219.7,61.8,0.93,56,电脑,1,低
20382,女,26,二线,语言,11,6,3.8,70.7,0.73,76,电脑,0,中
20383,女,36,三线,编程,7,11,22.9,92.2,0.44,36,电脑,0,低
20384,女,33,四线,语言,17,6,37.1,53.1,0.6,31,手机,0,高
20385,女,25,二线,编程,1,8,21.0,50.2,0.43,55,电脑,0,低
20386,女,35,四线,营销,22,5,23.4,76.1,0.47,38,手机,0,高
20387,男,44,四线,营销,5,3,903.8,69.7,0.71,73,电脑,0,低
20388,男,40,二线,设计,9,5,15.2,75.1,0.67,15,电脑,0,中
20389,女,35,四线,设计,18,1,2125.6,86.3,0.88,16,手机,1,高
20390,女,37,三线,营销,21,8,105.2,68.4,0.86,77,电脑,0,中
20391,女,24,三线,设计,2,6,62.7,52.5,0.91,89,手机,0,高
20392,男,20,二线,营销,11,4,111.5,99.5,0.48,53,手机,0,低
20393,男,35,三线,编程,6,7,2428.2,63.0,0.71,56,手机,0,中
20394,女,44,二线,语言,8,1,12.3,62.3,0.84,7,手机,0,中
20395,男,27,三线,营销,4,7,10.2,88.2,0.83,57,手机,0,低
20396,女,24,三线,语言,18,3,17.6,70.4,0.73,55,手机,0,中
20397,女,34,三线,编程,11,9,57.3,74.2,0.47,52,电脑,1,中
20398,男,31,三线,营销,5,4,4.1,80.8,0.75,4,电脑,1,低
20399,女,41,三线,营销,15,2,56.5,88.0,0.5,43,电脑,1,高
20400,女,20,一线,设计,18,4,692.5,71.0,0.79,40,手机,0,高
20401,男,29,二线,设计,2,6,68.5,93.2,0.57,30,平板,0,中
20402,女,30,四线,编程,22,2,35.2,49.4,0.3,10,电脑,1,中
20403,女,19,二线,营销,11,1,21.6,84.1,0.78,7,手机,0,低
20404,女,20,一线,设计,13,7,210.1,64.9,0.39,36,电脑,1,中
20405,男,22,二线,编程,4,7,15.8,91.5,0.94,35,手机,0,低
20406,女,28,二线,营销,22,6,871.0,76.7,0.54,88,电脑,0,高
20407,男,25,四线,设计,7,8,992.3,66.9,0.64,39,手机,1,中
20408,男,43,三线,编程,11,7,80.2,83.0,0.8,36,手机,1,中
20409,女,40,四线,语言,22,5,53.7,85.7,0.43,20,电脑,1,低
20410,男,40,三线,语言,4,6,256.2,82.7,0.3,49,手机,1,低
20411,男,29,三线,设计,15,6,282.1,62.6,0.72,59,手机,0,低
20412,女,24,二线,编程,1,7,16.3,69.2,0.73,49,平板,0,低
20413,女,32,三线,营销,23,6,24.8,75.0,0.26,26,平板,1,中
20414,女,41,一线,设计,3,3,7.5,74.5,0.59,36,电脑,0,高
20415,女,34,四线,设计,14,3,100.8,84.0,0.47,43,手机,0,高
20416,男,21,四线,设计,6,1,148.4,50.8,0.66,43,手机,0,中
20417,男,39,二线,设计,18,5,7.2,79.0,0.87,76,电脑,0,中
20418,男,42,四线,营销,1,3,27.6,71.5,0.67,33,手机,0,高
20419,女,30,四线,设计,6,9,7.2,64.9,0.81,78,手机,0,中
20420,女,35,三线,营销,6,8,14.2,66.1,0.5,45,电脑,1,中
20421,女,18,一线,语言,21,4,124.8,72.4,0.3,45,手机,1,高
20422,女,33,三线,设计,16,2,18.2,31.8,0.57,88,手机,0,中
20423,男,30,三线,营销,5,3,34.8,66.6,0.77,15,手机,0,低
20424,女,27,二线,语言,17,2,4.8,64.5,0.59,17,手机,0,中
20425,男,29,一线,设计,10,4,72.3,81.4,0.46,12,手机,0,低
20426,女,19,四线,设计,21,4,51.1,65.3,0.1,22,手机,0,低
20427,男,40,一线,营销,18,5,18.3,72.4,0.49,23,手机,0,中
20428,女,20,三线,营销,7,8,41.1,93.5,0.28,78,电脑,0,中
20429,男,27,四线,语言,3,6,71.6,86.9,0.89,12,电脑,0,中
20430,男,19,四线,设计,13,3,16.1,85.8,0.89,68,手机,0,低
20431,男,44,二线,语言,15,5,6.0,69.0,0.75,51,电脑,0,中
20432,女,40,四线,编程,20,6,819.2,81.5,0.49,13,手机,0,中
20433,女,30,一线,编程,19,3,21.1,72.2,0.79,57,手机,0,高
20434,男,30,一线,营销,3,8,47.2,72.6,0.85,55,手机,0,低
20435,男,35,三线,编程,4,8,248.7,79.9,0.52,82,电脑,1,中
20436,女,20,二线,编程,5,5,10868.1,67.8,0.49,28,电脑,0,低
20437,男,44,二线,设计,1,4,8.4,92.9,0.53,44,电脑,1,中
20438,女,24,三线,编程,4,2,107.2,73.1,0.54,19,手机,0,低
20439,女,31,二线,编程,12,6,18.9,82.4,0.42,46,手机,1,低
20440,男,37,二线,语言,10,5,24.3,92.5,0.63,3,电脑,0,中
20441,男,34,三线,编程,23,6,18.5,87.4,0.58,83,手机,1,低
20442,女,38,四线,营销,21,7,10.1,58.1,0.7,20,电脑,0,低
20443,男,29,三线,营销,20,3,51.3,80.3,0.67,25,电脑,1,高
20444,男,42,二线,语言,13,9,6.0,85.2,0.52,75,电脑,0,高
20445,女,33,三线,编程,23,2,225.9,85.7,0.56,56,平板,0,低
20446,女,41,二线,语言,14,0,59.3,61.6,0.74,81,平板,1,低
20447,女,29,一线,设计,23,6,102.9,67.1,0.45,61,电脑,0,低
20448,女,32,四线,营销,5,4,27.1,86.9,0.81,55,电脑,1,低
20449,男,42,二线,营销,4,6,31.5,65.9,0.73,35,手机,0,低
20450,男,27,二线,语言,14,4,84.0,71.4,0.73,78,平板,0,中
20451,女,42,三线,设计,10,5,9.5,93.9,0.93,59,手机,1,低
20452,女,24,三线,营销,17,2,31.9,74.4,0.69,39,手机,0,高
20453,男,37,三线,设计,10,5,15.0,66.3,0.65,57,手机,0,低
20454,女,22,二线,营销,7,4,14.4,64.5,0.32,83,手机,1,低
20455,男,18,二线,语言,16,3,2.3,79.0,0.69,67,电脑,1,低
20456,女,34,二线,编程,1,5,407.1,59.0,0.79,34,电脑,1,中
20457,男,20,二线,语言,17,3,19.5,72.0,0.63,41,手机,0,高
20458,男,30,三线,编程,21,3,312.6,79.0,0.55,22,手机,0,中
20459,男,31,四线,编程,9,4,271.3,90.6,0.47,27,平板,0,低
20460,男,41,三线,编程,6,8,7.9,83.0,0.91,21,电脑,0,低
20461,男,35,四线,设计,19,5,10.7,66.4,0.76,41,电脑,1,中
20462,女,21,三线,营销,13,4,2542.1,89.1,0.67,31,手机,0,低
20463,女,35,三线,编程,3,4,754.8,71.4,0.32,27,电脑,0,低
20464,女,22,二线,编程,7,4,52.1,60.2,0.81,37,手机,0,高
20465,女,42,三线,语言,22,4,80.3,72.9,0.51,66,手机,1,中
20466,男,33,三线,语言,9,7,21.2,92.3,0.37,54,手机,1,低
20467,男,18,二线,语言,22,8,104.4,77.0,0.7,9,手机,0,低
20468,女,38,二线,语言,5,7,18.6,75.2,0.59,83,手机,0,低
20469,男,31,四线,营销,10,3,2.6,94.6,0.72,42,平板,1,低
20470,女,32,二线,编程,23,6,7.5,57.8,0.71,36,手机,0,低
20471,男,26,一线,设计,17,6,56.4,59.6,0.73,10,手机,0,高
20472,女,32,三线,营销,12,4,10.0,55.6,0.72,59,手机,0,中
20473,男,34,四线,编程,23,6,49.4,79.5,0.93,40,手机,0,高
20474,女,42,三线,营销,16,9,10.9,77.0,0.75,54,电脑,0,高
20475,女,41,三线,编程,3,6,16.9,93.5,0.67,39,手机,1,中
20476,女,21,二线,设计,22,4,196.3,77.9,0.81,7,电脑,0,高
20477,男,29,三线,设计,9,6,79.1,70.2,0.54,4,手机,0,低
20478,女,44,二线,营销,15,7,53.8,75.0,0.65,15,电脑,1,低
20479,女,43,四线,营销,5,4,204.1,76.4,0.9,76,电脑,1,中
20480,女,22,三线,营销,23,3,112.3,54.9,0.47,48,电脑,0,低
20481,女,22,二线,编程,13,4,478.1,100.0,0.27,6,电脑,0,低
20482,女,28,一线,编程,14,5,27.4,81.2,0.48,73,电脑,0,低
20483,男,23,一线,语言,20,3,28.7,77.5,0.63,35,手机,0,低
20484,女,24,二线,营销,15,5,7.8,82.4,0.59,72,电脑,0,高
20485,女,41,二线,编程,16,3,28.7,83.5,0.58,71,电脑,0,低
20486,女,31,三线,语言,23,5,232.1,73.3,0.43,68,电脑,0,低
20487,男,41,三线,编程,13,5,383.7,67.4,0.62,58,手机,0,低
20488,男,28,二线,设计,17,5,230.5,82.2,0.7,77,手机,0,低
20489,女,30,一线,编程,23,6,3.7,79.6,0.72,19,电脑,0,低
20490,女,19,一线,营销,8,6,277.2,65.3,0.78,62,手机,0,低
20491,男,42,四线,营销,21,6,3.5,92.0,0.61,71,手机,0,低
20492,女,24,二线,编程,2,5,210.0,78.5,0.36,10,手机,0,低
20493,男,37,三线,语言,5,7,31.4,83.8,0.8,25,电脑,0,中
20494,男,21,四线,设计,6,3,156.6,91.7,0.55,44,平板,0,中
20495,男,44,三线,编程,12,5,7.4,75.3,0.38,58,手机,0,高
20496,男,25,四线,编程,18,7,316.3,78.8,0.85,25,手机,0,低
20497,女,37,二线,编程,22,2,6.1,84.7,0.64,76,手机,1,低
20498,男,39,四线,编程,22,8,20.0,66.3,0.84,40,手机,1,高
20499,女,38,一线,营销,1,4,12.2,75.6,0.66,76,电脑,0,低
20500,女,36,一线,语言,17,2,3.9,76.5,0.2,70,电脑,1,低
20501,女,30,三线,设计,11,5,62.9,63.5,0.33,10,手机,0,低
20502,女,31,四线,编程,10,5,819.9,100.0,0.66,66,电脑,0,高
20503,男,27,四线,编程,19,4,2982.0,58.1,0.63,25,电脑,1,低
20504,女,28,一线,编程,14,6,63.2,59.4,0.74,71,手机,0,低
20505,女,19,二线,设计,10,8,291.5,90.8,0.6,87,手机,0,低
20506,男,42,四线,营销,15,4,77.3,83.6,0.67,11,平板,0,低
20507,女,43,二线,编程,19,3,115.4,62.7,0.9,36,手机,0,低
20508,女,26,四线,营销,4,6,32.7,82.3,0.53,49,电脑,0,中
20509,女,34,四线,语言,2,4,73.2,92.6,0.36,48,手机,0,低
20510,女,43,三线,设计,9,2,122.3,74.6,0.84,87,电脑,0,高
20511,女,20,二线,语言,10,3,22.9,100.0,0.4,7,电脑,0,中
20512,男,41,三线,营销,11,1,48.6,54.3,0.18,77,电脑,0,高
20513,女,23,二线,营销,14,9,50.0,83.3,0.52,51,电脑,1,中
20514,女,22,四线,设计,7,5,188.6,89.0,0.61,17,平板,1,中
20515,男,22,三线,设计,23,3,11.0,85.7,0.81,32,电脑,0,低
20516,男,39,四线,编程,15,4,50.5,72.5,0.51,26,手机,0,低
20517,男,32,一线,设计,22,3,961.0,71.5,0.26,22,手机,1,中
20518,女,40,四线,编程,19,4,313.0,80.3,0.9,13,电脑,0,低
20519,女,34,三线,营销,22,6,413.1,84.8,0.37,12,电脑,0,高
20520,男,26,一线,编程,15,4,56.6,82.2,0.67,71,手机,0,高
20521,女,20,一线,语言,8,2,88.4,87.5,0.84,1,手机,1,低
20522,男,37,三线,营销,11,6,245.5,62.8,0.6,33,电脑,0,低
20523,女,43,三线,设计,9,3,567.0,72.3,0.72,14,手机,0,低
20524,女,34,四线,编程,15,6,2.9,63.7,0.76,64,手机,0,中
20525,女,44,一线,语言,1,2,7.6,70.4,0.63,43,电脑,0,低
20526,男,27,一线,语言,1,8,389.2,87.2,0.9,58,电脑,0,低
20527,男,20,三线,营销,19,3,36.0,76.3,0.83,41,手机,0,低
20528,男,35,二线,编程,3,6,19.9,100.0,0.64,81,手机,0,中
20529,男,35,三线,设计,10,4,8.3,77.3,0.89,68,手机,0,低
20530,女,34,四线,编程,8,5,23.7,75.7,0.75,39,手机,0,低
20531,女,41,四线,编程,15,6,6.7,76.3,0.56,1,电脑,1,低
20532,女,20,四线,营销,10,1,1257.2,67.3,0.57,41,电脑,1,中
20533,女,20,四线,营销,1,5,52.8,74.3,0.5,45,手机,0,低
20534,女,23,二线,营销,18,7,50.1,88.5,0.85,88,手机,0,中
20535,女,30,三线,语言,2,6,131.9,76.4,0.6,88,手机,0,低
20536,女,41,三线,营销,19,6,231.3,65.5,0.71,79,平板,0,中
20537,女,32,四线,设计,13,7,225.6,63.9,0.24,81,手机,1,高
20538,男,42,一线,设计,22,4,273.3,69.6,0.76,13,电脑,0,低
20539,男,26,三线,语言,1,3,21.2,75.9,0.69,71,电脑,0,中
20540,男,21,一线,编程,2,8,34.9,89.3,0.32,9,电脑,1,高
20541,女,31,三线,语言,16,4,173.0,58.9,0.77,63,电脑,1,中
20542,女,22,四线,语言,15,5,24.8,71.2,0.63,23,手机,0,高
20543,男,19,四线,编程,13,5,54.2,76.7,0.67,54,电脑,0,低
20544,女,28,二线,营销,16,3,99.3,53.0,0.46,47,手机,0,低
20545,女,26,四线,语言,17,9,177.3,65.0,0.64,39,电脑,1,低
20546,男,41,三线,营销,21,8,3.8,66.8,0.21,87,手机,1,中
20547,男,20,一线,语言,7,6,159.5,65.4,0.35,26,电脑,0,低
20548,女,44,二线,语言,17,3,38.5,77.3,0.9,1,手机,0,中
20549,女,26,二线,设计,7,5,157.8,73.1,0.46,14,电脑,0,低
20550,女,20,一线,设计,13,5,175.1,68.3,0.49,74,手机,0,中
20551,女,42,四线,语言,5,5,609.0,80.1,0.77,65,电脑,0,低
20552,女,19,三线,营销,17,3,415.8,95.7,0.66,69,手机,0,低
20553,女,29,四线,编程,3,7,411.5,94.7,0.73,67,手机,0,中
20554,女,27,二线,编程,7,3,476.0,51.9,0.94,49,电脑,1,高
20555,女,26,一线,营销,17,0,84.5,81.9,0.66,50,平板,0,低
20556,男,32,三线,语言,7,6,57.3,72.9,0.48,58,手机,0,中
20557,男,25,一线,语言,21,6,202.2,76.9,0.32,53,平板,0,高
20558,男,42,三线,营销,1,4,163.7,70.2,0.35,57,电脑,1,中
20559,女,22,四线,编程,17,5,34.3,76.4,0.67,86,电脑,0,低
20560,女,28,三线,编程,17,9,100.2,76.8,0.35,18,手机,1,低
20561,女,44,三线,语言,11,5,51.8,68.1,0.71,16,手机,0,高
20562,男,19,二线,编程,3,4,15.2,64.2,0.24,2,电脑,1,中
20563,男,41,一线,编程,15,3,378.3,69.6,0.55,13,手机,1,低
20564,男,32,一线,编程,21,6,59.3,77.8,0.73,45,电脑,0,低
20565,男,23,三线,营销,11,2,1179.8,82.2,0.92,80,手机,1,中
20566,女,25,一线,语言,16,6,4.8,85.2,0.62,72,手机,0,低
20567,男,44,二线,编程,22,6,23.7,69.1,0.62,43,电脑,0,中
20568,男,22,三线,设计,9,6,57.3,78.4,0.8,72,电脑,0,中
20569,女,33,二线,营销,1,5,300.7,86.6,0.31,54,电脑,0,低
20570,男,43,二线,语言,22,3,99.4,89.0,0.67,74,手机,1,低
20571,女,35,二线,编程,16,4,87.0,74.3,0.8,31,手机,1,中
20572,女,23,四线,设计,9,4,10.1,72.3,0.78,76,手机,0,高
20573,男,22,三线,设计,19,5,9.6,77.3,0.45,9,手机,0,中
20574,女,33,三线,语言,12,4,88.6,61.2,0.49,73,电脑,0,高
20575,女,30,一线,设计,19,4,7.1,72.7,0.67,48,电脑,0,高
20576,女,22,四线,编程,22,5,24.6,83.9,0.77,18,手机,0,中
20577,男,30,三线,营销,9,5,115.7,82.7,0.68,87,电脑,1,低
20578,女,34,二线,营销,7,5,12.5,71.8,0.55,11,手机,0,低
20579,女,35,四线,编程,14,7,606.7,77.6,0.63,62,电脑,0,低
20580,男,25,二线,语言,19,3,342.4,65.1,0.61,84,手机,1,低
20581,男,30,三线,编程,19,2,5.2,83.4,0.63,19,电脑,0,高
20582,女,36,三线,营销,2,4,13.5,74.1,0.79,74,手机,0,中
20583,女,43,二线,设计,9,4,1.8,71.7,0.64,24,手机,0,高
20584,男,20,四线,营销,13,6,16.9,70.7,0.64,13,手机,0,低
20585,女,41,三线,设计,15,3,172.4,74.2,0.7,46,手机,1,高
20586,男,25,三线,语言,3,5,29.3,69.6,0.65,53,手机,0,低
20587,男,19,二线,营销,11,5,109.0,82.9,0.75,29,手机,0,低
20588,男,25,一线,营销,21,5,5.6,70.3,0.39,36,手机,0,中
20589,男,44,二线,营销,14,5,180.7,94.1,0.44,71,电脑,0,高
20590,男,30,四线,营销,8,3,23.7,92.6,0.79,17,手机,1,低
20591,男,30,二线,编程,18,10,55.6,64.3,0.63,48,电脑,1,低
20592,女,18,三线,设计,19,5,47.5,75.8,0.7,77,手机,1,低
20593,男,23,三线,语言,16,4,8.1,67.2,0.71,24,平板,0,中
20594,男,41,一线,编程,2,4,9.7,71.1,0.78,54,平板,0,低
20595,女,36,三线,营销,8,7,233.2,99.0,0.87,85,手机,0,中
20596,男,33,一线,语言,22,3,99.3,71.3,0.45,1,电脑,0,低
20597,女,25,四线,编程,6,6,263.8,79.3,0.85,79,手机,0,低
20598,男,18,三线,营销,12,2,88.9,81.5,0.71,67,平板,0,低
20599,男,44,二线,设计,15,4,67.7,63.0,0.81,6,电脑,1,中
20600,男,44,二线,营销,8,4,4.1,64.7,0.75,78,手机,0,低
20601,男,33,三线,编程,4,4,36.4,60.5,0.55,55,手机,0,中
20602,男,26,四线,编程,15,8,52.4,64.4,0.72,38,手机,0,高
20603,男,30,三线,营销,20,5,1022.1,40.8,0.57,33,手机,0,中
20604,男,28,三线,语言,17,8,153.0,81.5,0.5,8,电脑,0,低
20605,男,30,一线,营销,13,5,546.8,99.7,0.64,79,手机,0,低
20606,男,42,二线,设计,18,7,133.8,76.8,0.39,78,手机,0,高
20607,男,38,一线,编程,2,8,18.8,58.0,0.44,20,手机,0,低
20608,男,27,三线,营销,13,3,65.1,67.3,0.71,55,手机,1,中
20609,女,21,四线,编程,13,4,77.8,69.5,0.6,48,手机,0,中
20610,女,44,三线,语言,22,6,13.3,62.8,0.68,83,电脑,0,中
20611,男,23,二线,语言,15,4,30.7,85.3,0.5,56,手机,0,低
20612,女,24,三线,营销,20,4,40.1,84.7,0.07,88,电脑,0,低
20613,女,22,四线,语言,10,6,606.9,61.1,0.91,10,手机,1,中
20614,男,28,三线,编程,3,2,2.4,83.7,0.91,52,手机,0,低
20615,女,30,四线,营销,19,4,333.2,93.3,0.55,50,电脑,0,中
20616,女,43,二线,设计,3,2,13.4,97.8,0.72,34,手机,1,低
20617,男,42,二线,语言,22,8,7.0,100.0,0.38,36,手机,0,高
20618,男,36,四线,编程,14,7,320.5,64.2,0.94,61,电脑,0,低
20619,女,40,三线,营销,8,2,163.7,100.0,0.55,16,手机,0,低
20620,女,27,二线,语言,23,5,358.4,70.7,0.86,79,手机,0,低
20621,男,27,三线,编程,4,6,181.5,67.9,0.51,18,电脑,1,中
20622,男,28,四线,设计,20,7,1199.6,78.9,0.6,71,电脑,0,低
20623,男,38,三线,营销,11,7,126.2,68.0,0.66,47,手机,0,高
20624,女,24,三线,设计,11,7,43.2,79.8,0.76,86,手机,0,低
20625,女,35,二线,编程,11,6,91.3,59.2,0.91,32,手机,0,高
20626,男,21,三线,编程,2,5,352.6,72.1,0.8,43,手机,0,高
20627,男,19,三线,编程,17,5,17.0,90.4,0.75,83,电脑,0,低
20628,女,31,四线,语言,9,8,20.5,74.3,0.89,40,电脑,0,低
20629,男,30,四线,营销,2,7,34.3,76.7,0.34,65,电脑,0,高
20630,男,29,四线,编程,15,4,2.3,80.7,0.54,35,手机,1,低
20631,女,24,一线,设计,16,5,67.2,89.0,0.86,69,手机,0,低
20632,女,19,三线,设计,4,8,3.2,55.1,0.35,50,电脑,0,低
20633,女,30,四线,编程,8,5,59.1,82.0,0.53,12,手机,0,中
20634,女,31,三线,设计,9,2,199.9,71.8,0.54,76,电脑,1,低
20635,男,44,四线,设计,5,3,26.7,77.0,0.62,85,电脑,1,中
20636,男,34,四线,设计,16,7,675.6,87.7,0.73,58,平板,1,中
20637,女,26,三线,营销,13,3,6.1,60.7,0.59,83,手机,0,低
20638,男,34,三线,编程,7,8,326.0,62.8,0.73,63,手机,1,低
20639,男,25,一线,营销,20,1,150.3,51.8,0.8,73,电脑,0,低
20640,男,19,二线,营销,17,5,4.2,68.4,0.31,49,电脑,0,中
20641,男,41,三线,营销,3,3,3184.9,91.0,0.62,36,电脑,0,中
20642,男,30,四线,营销,5,5,49.6,73.6,0.37,54,手机,1,中
20643,男,20,二线,设计,19,5,14.6,58.9,0.83,47,电脑,1,中
20644,男,33,一线,语言,12,2,6.6,69.2,0.33,32,电脑,1,中
20645,男,23,三线,营销,7,7,39.3,57.1,0.47,53,手机,1,中
20646,女,36,一线,设计,9,2,45.1,61.5,0.83,32,电脑,0,低
20647,女,24,二线,语言,6,4,63.7,79.7,0.69,62,电脑,0,低
20648,女,27,一线,营销,17,5,34.9,60.9,0.62,37,手机,0,低
20649,女,26,二线,编程,16,4,141.2,88.4,0.7,38,手机,1,低
20650,女,19,二线,编程,23,4,30.5,74.1,0.38,30,电脑,0,高
20651,男,32,二线,编程,3,5,3.0,76.0,0.53,58,手机,1,高
20652,女,22,三线,语言,21,4,43.6,71.7,0.43,32,电脑,0,低
20653,女,39,四线,营销,4,4,1.6,84.3,0.7,66,手机,0,低
20654,女,21,三线,语言,10,5,92.8,84.4,0.42,51,手机,0,低
20655,男,37,三线,营销,5,7,12.6,79.0,0.83,11,平板,0,高
20656,男,21,一线,设计,21,6,69.8,81.8,0.95,59,平板,1,中
20657,男,35,二线,编程,22,6,391.9,72.5,0.5,20,手机,0,低
20658,男,21,三线,营销,10,8,13.2,81.5,0.67,37,电脑,0,低
20659,女,44,一线,营销,12,5,268.2,70.9,0.67,73,手机,0,低
20660,女,34,三线,语言,10,2,28.5,75.0,0.72,49,手机,0,低
20661,男,29,三线,编程,13,4,757.3,71.7,0.67,19,手机,0,低
20662,女,39,三线,设计,11,6,31.6,69.5,0.59,55,手机,0,低
20663,女,34,一线,营销,22,3,15.5,66.7,0.83,40,电脑,1,低
20664,男,27,二线,营销,16,3,153.1,80.6,0.73,7,电脑,0,低
20665,男,39,三线,营销,8,5,28.4,90.7,0.87,5,平板,0,低
20666,男,18,一线,营销,8,5,15.5,89.1,0.82,42,电脑,0,低
20667,男,39,三线,编程,8,6,26.7,59.9,0.65,88,手机,0,低
20668,男,43,三线,营销,13,2,51.1,90.5,0.37,48,电脑,0,中
20669,男,41,四线,营销,2,6,408.8,71.2,0.5,7,平板,0,低
20670,男,44,二线,语言,12,4,3.0,82.2,0.7,11,电脑,0,低
20671,男,35,四线,语言,10,3,56.5,64.1,0.47,73,电脑,0,高
20672,女,35,三线,设计,12,4,139.4,76.7,0.59,49,平板,0,低
20673,男,31,二线,编程,11,2,73.0,78.8,0.93,30,手机,1,高
20674,女,32,一线,语言,15,6,389.5,57.2,0.97,41,电脑,1,低
20675,男,29,三线,设计,16,8,48.8,82.3,0.71,3,电脑,0,低
20676,女,21,二线,语言,17,5,41.4,91.2,0.24,86,平板,0,高
20677,男,44,二线,编程,2,6,132.8,72.9,0.85,40,手机,0,中
20678,男,20,一线,营销,18,5,63.4,91.3,0.24,51,电脑,0,低
20679,女,37,四线,语言,12,5,30.4,72.7,0.73,84,电脑,1,低
20680,女,29,四线,语言,19,6,118.4,85.2,0.69,32,手机,1,中
20681,女,24,三线,设计,23,4,20.5,48.4,0.74,48,电脑,0,低
20682,男,28,二线,营销,18,4,21.8,100.0,0.89,71,手机,0,低
20683,男,18,二线,设计,17,5,24.7,92.9,0.31,71,手机,0,低
20684,女,23,三线,编程,6,5,415.6,71.6,0.66,20,手机,0,高
20685,女,32,三线,营销,15,4,0.4,51.3,0.36,89,电脑,1,低
20686,女,32,二线,营销,3,4,98.8,78.5,0.19,35,手机,0,高
20687,女,36,三线,语言,6,7,57.5,57.7,0.78,24,手机,0,低
20688,男,28,四线,设计,3,5,4.4,80.3,0.92,40,手机,0,低
20689,女,43,三线,编程,1,4,86.9,79.9,0.7,77,手机,0,中
20690,男,40,三线,编程,13,3,111.5,63.7,0.76,52,手机,0,低
20691,男,43,四线,设计,21,9,132.2,88.5,0.9,39,手机,0,中
20692,男,19,二线,设计,14,6,1.0,84.7,0.13,68,电脑,0,低
20693,女,31,三线,营销,13,6,423.9,86.7,0.71,61,电脑,1,低
20694,男,19,四线,设计,4,4,18.1,75.1,0.57,76,手机,1,低
20695,男,21,二线,语言,7,7,152.9,58.0,0.67,81,手机,0,低
20696,女,34,三线,语言,22,6,165.9,86.7,0.6,65,电脑,1,低
20697,男,20,三线,营销,10,6,14.7,71.8,0.54,62,手机,0,低
20698,女,30,三线,语言,7,2,147.0,58.3,0.47,81,平板,1,低
20699,男,26,三线,营销,21,6,30.6,91.2,0.84,2,电脑,1,中
20700,女,24,四线,设计,15,4,2.4,100.0,0.86,6,手机,0,低
20701,女,32,四线,编程,15,7,314.7,74.5,0.71,75,手机,1,低
20702,男,40,一线,设计,4,8,17.1,100.0,0.47,43,电脑,0,中
20703,男,28,四线,营销,23,6,15.2,76.1,0.8,82,手机,0,中
20704,男,37,二线,语言,23,3,29.8,70.4,0.86,40,手机,0,中
20705,男,19,二线,设计,6,4,82.1,67.4,0.74,89,手机,1,中
20706,女,32,三线,语言,20,5,50.1,94.6,0.84,39,电脑,1,高
20707,男,31,三线,营销,5,3,124.2,65.6,0.55,28,电脑,0,中
20708,女,37,三线,编程,20,5,7.3,83.8,0.77,80,手机,0,中
20709,男,39,四线,语言,12,8,17.9,68.3,0.44,63,电脑,0,低
20710,女,28,三线,设计,1,8,45.9,69.5,0.77,64,手机,1,中
20711,女,44,三线,设计,8,5,940.9,87.4,0.54,12,电脑,0,低
20712,女,20,一线,营销,1,5,46.0,70.4,0.26,41,手机,1,低
20713,男,34,四线,编程,5,8,278.1,70.1,0.88,29,电脑,0,低
20714,男,29,四线,营销,22,5,57.8,88.6,0.74,23,平板,0,低
20715,男,41,四线,设计,6,4,26.4,94.2,0.7,85,手机,0,高
20716,女,38,一线,设计,21,3,37.7,82.7,0.73,80,手机,1,低
20717,女,32,一线,语言,3,7,42.4,67.1,0.67,51,手机,0,低
20718,女,33,二线,设计,15,4,135.0,68.9,0.72,45,手机,1,中
20719,男,22,一线,编程,5,4,429.2,76.0,0.46,22,手机,0,高
20720,女,44,二线,设计,14,5,93.6,78.9,0.51,10,电脑,0,高
20721,女,37,四线,语言,18,3,324.0,63.1,0.83,7,平板,1,高
20722,男,23,三线,编程,16,5,12.8,83.7,0.76,73,手机,1,高
20723,男,36,一线,编程,6,4,29.3,76.0,0.86,89,电脑,1,低
20724,女,42,二线,编程,14,6,18.4,54.4,0.96,15,电脑,0,低
20725,女,22,一线,编程,8,5,87.5,63.9,0.34,77,电脑,0,低
20726,女,20,一线,语言,7,5,31.9,69.0,0.78,46,手机,0,低
20727,男,44,二线,营销,8,2,163.1,74.1,0.45,85,手机,0,低
20728,女,18,二线,设计,13,5,13.5,97.7,0.86,87,手机,1,低
20729,男,43,四线,营销,6,3,58.2,77.9,0.49,61,手机,0,低
20730,男,23,四线,设计,18,3,153.0,64.9,0.92,61,电脑,0,中
20731,男,32,二线,语言,2,5,2.5,77.6,0.81,51,电脑,0,低
20732,女,19,三线,语言,8,4,1316.1,70.8,0.84,38,手机,0,低
20733,女,20,四线,设计,11,3,35.7,78.9,0.4,12,手机,0,高
20734,女,34,二线,语言,1,4,2.6,82.0,0.64,88,平板,0,低
20735,男,42,二线,营销,22,2,69.2,89.5,0.9,77,电脑,0,低
20736,女,41,四线,设计,6,6,57.4,74.7,0.71,66,电脑,0,低
20737,男,29,一线,编程,16,7,48.3,94.7,0.8,54,手机,1,中
20738,女,35,三线,设计,20,3,241.5,85.9,0.3,39,电脑,0,低
20739,男,32,三线,营销,12,5,167.5,66.5,0.42,76,电脑,0,高
20740,男,29,二线,语言,11,4,85.4,100.0,0.62,39,电脑,1,中
20741,男,33,二线,营销,10,6,107.3,78.9,0.66,78,手机,1,高
20742,男,44,四线,语言,3,6,46.7,65.0,0.66,30,手机,1,低
20743,女,25,一线,营销,13,2,783.1,94.8,0.42,48,手机,1,低
20744,女,31,二线,语言,3,2,5.9,99.9,0.52,83,电脑,0,中
20745,男,42,三线,营销,15,5,67.3,74.6,0.39,31,平板,0,低
20746,女,34,三线,设计,16,2,60.2,69.0,0.66,25,平板,0,中
20747,男,38,一线,营销,13,7,184.9,72.9,0.36,68,平板,0,高
20748,女,25,四线,语言,17,4,15.4,83.6,0.75,51,手机,1,低
20749,女,32,二线,编程,3,5,4.0,90.3,0.67,13,手机,0,高
20750,女,44,四线,语言,20,7,69.1,81.8,0.76,63,手机,1,低
20751,男,31,四线,编程,11,5,83.2,76.2,0.42,42,手机,1,高
20752,女,35,三线,设计,21,7,510.0,93.0,0.65,54,电脑,0,高
20753,女,37,三线,语言,19,1,8.1,71.2,0.53,67,电脑,1,低
20754,男,24,四线,编程,22,3,308.6,87.4,0.46,80,手机,0,低
20755,男,20,一线,编程,11,4,1902.9,71.5,0.61,56,电脑,0,高
20756,女,29,三线,设计,16,9,31.0,80.2,0.35,19,平板,1,低
20757,女,38,二线,语言,21,4,7.9,73.6,0.85,46,手机,0,低
20758,女,41,二线,编程,3,5,29.7,74.3,0.68,15,手机,1,低
20759,女,43,二线,语言,22,6,55.8,70.5,0.63,32,手机,0,高
20760,女,20,四线,编程,6,6,127.2,91.1,0.71,49,手机,0,低
20761,男,37,四线,语言,14,3,22.5,66.2,0.62,21,电脑,1,低
20762,男,31,二线,语言,18,3,562.7,66.1,0.69,65,手机,0,高
20763,男,32,一线,设计,17,5,10.3,100.0,0.75,70,手机,0,低
20764,女,42,三线,设计,4,7,4.0,86.7,0.64,27,平板,0,低
20765,男,31,三线,设计,23,6,287.2,46.4,0.69,23,电脑,1,低
20766,女,24,一线,营销,15,6,1.8,68.2,0.83,47,手机,0,低
20767,女,34,三线,编程,11,4,40.2,53.3,0.33,12,平板,1,低
20768,女,29,三线,编程,3,7,5863.6,63.6,0.53,85,手机,0,低
20769,男,37,四线,编程,3,4,53.6,37.3,0.57,66,手机,0,低
20770,女,21,二线,设计,16,8,10.2,73.4,0.87,5,电脑,1,低
20771,男,26,三线,编程,5,5,50.1,61.3,0.58,9,手机,0,低
20772,女,23,三线,营销,21,5,50.6,75.7,0.47,20,电脑,0,中
20773,男,33,四线,语言,10,4,69.5,55.5,0.55,82,手机,1,中
20774,男,42,三线,设计,19,5,147.4,76.0,0.57,63,手机,1,低
20775,女,39,三线,营销,4,2,11.5,70.0,0.79,86,电脑,0,高
20776,男,39,二线,设计,19,3,686.3,93.0,0.46,72,手机,0,低
20777,男,38,四线,语言,11,7,78.9,91.9,0.68,73,电脑,1,低
20778,女,38,三线,语言,2,5,162.4,84.4,0.91,71,电脑,1,低
20779,女,19,一线,语言,10,6,21.3,71.1,0.7,30,平板,1,低
20780,女,41,三线,语言,11,7,376.0,98.8,0.55,82,电脑,0,低
20781,女,25,二线,编程,20,2,37.1,56.4,0.41,16,手机,1,高
20782,女,28,一线,语言,16,7,82.8,58.2,0.8,85,电脑,0,低
20783,男,30,四线,营销,19,5,13.5,74.0,0.69,5,电脑,0,中
20784,男,34,三线,编程,23,5,12.2,100.0,0.28,29,电脑,0,中
20785,男,25,三线,语言,11,7,153.3,72.6,0.17,47,电脑,0,中
20786,女,38,二线,编程,14,6,28.1,72.8,0.73,22,电脑,0,中
20787,女,35,四线,营销,2,5,15.2,57.7,0.62,78,手机,0,中
20788,男,35,一线,编程,23,0,20.8,86.4,0.78,57,电脑,0,中
20789,男,31,二线,设计,5,7,155.8,86.4,0.32,83,手机,0,低
20790,女,32,四线,营销,5,5,21.3,84.5,0.96,35,手机,0,低
20791,男,23,四线,营销,19,5,45.8,67.4,0.59,88,电脑,0,中
20792,女,28,三线,设计,21,6,55.8,66.5,0.69,60,手机,0,中
20793,女,30,二线,设计,12,8,3.1,59.5,0.82,70,手机,0,低
20794,女,42,四线,语言,18,4,6.0,76.0,0.83,60,手机,0,低
20795,男,18,三线,编程,4,6,90.4,62.0,0.53,58,电脑,0,低
20796,女,23,四线,设计,22,4,18.1,60.9,0.77,3,手机,1,高
20797,女,26,四线,语言,17,1,266.4,69.9,0.55,34,电脑,1,低
20798,女,25,一线,语言,10,3,232.8,69.1,0.37,45,手机,1,低
20799,女,28,一线,设计,20,4,160.6,68.5,0.77,50,手机,0,低
20800,女,39,三线,营销,6,5,836.9,80.6,0.52,2,手机,0,高
