订单ID,日期,地区,产品类别,销售额,订单量,客单价,广告投入,用户类型,渠道,是否促销,ROI
10001,2024-01-01,西南,家居,260.01,3,86.671,4865.58,老客,APP,0,0.05
10002,2024-01-02,西北,食品,11.56,7,1.651,1864.29,老客,网页,0,0.01
10003,2024-01-03,华北,服装,478.52,4,119.63,2441.55,新客,小程序,0,0.2
10004,2024-01-04,西北,服装,104.68,6,17.446,1840.89,老客,APP,0,0.06
10005,2024-01-05,西北,数码,218.46,3,72.82,3444.31,新客,小程序,0,0.06
10006,2024-01-06,华南,服装,50.96,5,10.192,3344.94,老客,网页,1,0.02
10007,2024-01-07,华北,服装,191.06,3,63.687000000000005,3605.08,老客,网页,0,0.05
10008,2024-01-08,华北,数码,50.41,7,7.202,1413.9,老客,APP,1,0.04
10009,2024-01-09,华北,服装,71.06,3,23.686,1646.78,老客,APP,0,0.04
10010,2024-01-10,西北,服装,416.22,1,416.22,713.73,新客,小程序,0,0.58
10011,2024-01-11,西南,数码,100.46,6,16.744000000000003,3312.0,老客,APP,1,0.03
10012,2024-01-12,华北,服装,107.12,4,26.78,295.01,新客,网页,0,0.36
10013,2024-01-13,西北,数码,234.74,3,78.247,3028.64,老客,APP,0,0.08
10014,2024-01-14,华南,服装,133.86,6,22.31,4361.51,新客,APP,1,0.03
10015,2024-01-15,西南,数码,101.55,5,20.31,4465.08,新客,APP,0,0.02
10016,2024-01-16,华南,食品,156.72,5,31.343,2300.29,老客,APP,0,0.07
10017,2024-01-17,西南,家居,800.38,8,100.048,2350.59,老客,小程序,0,0.34
10018,2024-01-18,西北,家居,85.95,3,28.65,477.15,新客,APP,1,0.18
10019,2024-01-19,华东,食品,137.44,3,45.812000000000005,3386.75,老客,APP,0,0.04
10020,2024-01-20,西南,服装,271.21,6,45.20100000000001,4124.17,老客,APP,0,0.07
10021,2024-01-21,华南,数码,283.4,5,56.68000000000001,1298.81,老客,小程序,0,0.22
10022,2024-01-22,西北,服装,232.68,4,58.17,2164.37,新客,APP,0,0.11
10023,2024-01-23,西南,家居,195.08,3,65.02600000000001,4210.31,老客,小程序,1,0.05
10024,2024-01-24,华东,家居,46.87,5,9.373000000000001,4397.89,老客,小程序,0,0.01
10025,2024-01-25,华东,服装,432.32,5,86.46300000000001,1291.58,老客,小程序,0,0.33
10026,2024-01-26,华北,数码,46.8,6,7.800000000000001,2797.8,老客,网页,0,0.02
10027,2024-01-27,华北,服装,149.08,2,74.542,1043.22,老客,网页,1,0.14
10028,2024-01-28,华南,服装,64.0,3,21.333000000000002,599.21,老客,网页,0,0.11
10029,2024-01-29,西南,家居,111.18,2,55.588,4564.49,老客,APP,1,0.02
10030,2024-01-30,西南,家居,117.1,5,23.42,4120.49,新客,APP,1,0.03
10031,2024-01-31,华北,服装,116.4,2,58.2,3824.17,新客,APP,0,0.03
10032,2024-02-01,西南,美妆,164.01,4,41.002,338.95,老客,网页,0,0.48
10033,2024-02-02,西南,家居,327.32,2,163.66,4234.27,新客,网页,0,0.08
10034,2024-02-03,华东,数码,168.21,3,56.069,2246.42,老客,网页,1,0.07
10035,2024-02-04,华北,数码,96.25,6,16.042,1777.74,老客,APP,0,0.05
10036,2024-02-05,西北,数码,194.65,5,38.93,2777.73,新客,网页,0,0.07
10037,2024-02-06,华北,数码,303.06,4,75.76400000000001,547.63,老客,APP,1,0.55
10038,2024-02-07,西北,数码,43.84,4,10.959,3807.57,老客,APP,0,0.01
10039,2024-02-08,华东,数码,188.68,6,31.447000000000003,2953.93,老客,APP,0,0.06
10040,2024-02-09,华南,服装,205.09,4,51.272,1014.29,老客,APP,0,0.2
10041,2024-02-10,西南,数码,92.23,3,30.744999999999997,1022.34,老客,小程序,0,0.09
10042,2024-02-11,华东,食品,351.75,2,175.877,1002.82,老客,APP,1,0.35
10043,2024-02-12,西南,数码,103.78,3,34.593,379.31,老客,APP,0,0.27
10044,2024-02-13,华南,服装,129.38,2,64.688,2980.21,老客,小程序,0,0.04
10045,2024-02-14,华南,服装,78.39,3,26.13,4217.71,新客,网页,1,0.02
10046,2024-02-15,华东,美妆,91.16,2,45.58,185.74,新客,小程序,0,0.49
10047,2024-02-16,华南,数码,48.67,4,12.168,340.12,老客,APP,1,0.14
10048,2024-02-17,西北,服装,28.44,4,7.11,2906.57,新客,网页,1,0.01
10049,2024-02-18,华南,美妆,322.35,7,46.05,4115.53,新客,网页,0,0.08
10050,2024-02-19,西南,食品,59.44,6,9.906,1701.02,老客,APP,0,0.03
10051,2024-02-20,西南,食品,40.74,7,5.82,1813.11,新客,小程序,1,0.02
10052,2024-02-21,西南,服装,20.9,2,10.452,3022.1,老客,APP,0,0.01
10053,2024-02-22,西南,数码,70.2,3,23.400000000000002,1443.64,老客,APP,0,0.05
10054,2024-02-23,西北,家居,40.62,5,8.125,230.38,老客,小程序,1,0.18
10055,2024-02-24,华北,美妆,435.28,3,145.09300000000002,3702.62,老客,网页,0,0.12
10056,2024-02-25,华东,家居,201.92,2,100.96,3165.68,新客,APP,1,0.06
10057,2024-02-26,西南,家居,67.47,5,13.494000000000002,2945.7,老客,网页,0,0.02
10058,2024-02-27,华南,服装,709.34,5,141.869,3734.25,老客,网页,0,0.19
10059,2024-02-28,西南,食品,256.67,2,128.336,3408.63,老客,网页,0,0.08
10060,2024-02-29,华南,数码,90.22,5,18.044,1108.82,老客,APP,1,0.08
10061,2024-03-01,华南,服装,12.2,4,3.05,1827.16,新客,网页,0,0.01
10062,2024-03-02,西南,服装,731.51,2,365.75500000000005,717.94,老客,APP,1,1.02
10063,2024-03-03,西北,服装,29.61,3,9.87,736.3,新客,小程序,0,0.04
10064,2024-03-04,华南,数码,31.38,2,15.691,3413.36,老客,APP,0,0.01
10065,2024-03-05,华南,数码,265.2,3,88.4,4307.14,老客,APP,0,0.06
10066,2024-03-06,西南,家居,633.84,3,211.28,4817.39,新客,小程序,0,0.13
10067,2024-03-07,华南,服装,272.44,4,68.11,3178.9,新客,APP,0,0.09
10068,2024-03-08,华南,家居,141.35,5,28.27,1002.1,新客,APP,0,0.14
10069,2024-03-09,西南,数码,188.3,5,37.661,617.69,老客,APP,0,0.3
10070,2024-03-10,西南,服装,231.62,1,231.62099999999998,4082.97,老客,小程序,1,0.06
10071,2024-03-11,华东,服装,165.2,4,41.3,2935.91,新客,APP,0,0.06
10072,2024-03-12,西北,数码,146.55,1,146.549,3129.6,老客,网页,1,0.05
10073,2024-03-13,西北,服装,97.84,4,24.46,3929.16,新客,APP,0,0.02
10074,2024-03-14,华南,数码,111.31,2,55.653000000000006,3546.06,老客,APP,0,0.03
10075,2024-03-15,西北,数码,49.25,5,9.85,4188.85,新客,APP,0,0.01
10076,2024-03-16,华南,美妆,93.44,6,15.574000000000002,375.45,老客,APP,0,0.25
10077,2024-03-17,华东,服装,30.21,2,15.106,3762.85,老客,APP,0,0.01
10078,2024-03-18,西南,食品,108.16,4,27.040000000000003,4269.18,老客,APP,0,0.03
10079,2024-03-19,西南,服装,53.04,4,13.26,1502.06,老客,网页,0,0.04
10080,2024-03-20,西南,家居,48.41,4,12.103000000000002,3238.19,老客,小程序,1,0.01
10081,2024-03-21,西北,食品,135.14,3,45.045,1639.39,老客,APP,0,0.08
10082,2024-03-22,华东,家居,356.36,4,89.089,4794.06,老客,APP,1,0.07
10083,2024-03-23,西北,服装,243.98,4,60.996,263.78,老客,网页,0,0.92
10084,2024-03-24,西北,服装,33.34,5,6.6690000000000005,2940.98,老客,APP,0,0.01
10085,2024-03-25,华东,服装,40.8,4,10.2,915.87,新客,APP,0,0.04
10086,2024-03-26,华东,美妆,248.4,2,124.20200000000001,3589.88,老客,小程序,0,0.07
10087,2024-03-27,华东,食品,41.01,3,13.67,961.86,新客,小程序,0,0.04
10088,2024-03-28,华东,美妆,97.76,5,19.552,1253.38,老客,小程序,0,0.08
10089,2024-03-29,西南,数码,181.71,2,90.857,2522.42,老客,APP,0,0.07
10090,2024-03-30,华北,家居,53.95,5,10.790000000000001,4582.69,老客,APP,0,0.01
10091,2024-03-31,华北,美妆,97.92,3,32.64,1137.4,新客,小程序,0,0.09
10092,2024-04-01,华东,数码,30.96,2,15.48,806.78,新客,APP,0,0.04
10093,2024-04-02,华北,数码,72.31,6,12.051,3818.99,老客,小程序,0,0.02
10094,2024-04-03,华北,家居,151.15,7,21.593,2553.04,老客,小程序,1,0.06
10095,2024-04-04,华东,家居,32.71,2,16.354,4567.75,老客,APP,1,0.01
10096,2024-04-05,华北,食品,166.4,8,20.8,818.41,老客,网页,0,0.2
10097,2024-04-06,西北,数码,115.18,5,23.035999999999998,3265.05,老客,网页,1,0.04
10098,2024-04-07,华南,食品,182.05,4,45.513,1241.11,老客,小程序,1,0.15
10099,2024-04-08,华南,数码,107.68,4,26.92,868.13,新客,APP,0,0.12
10100,2024-04-09,华东,数码,348.52,1,348.517,3448.8,老客,APP,0,0.1
10101,2024-04-10,西南,数码,99.52,4,24.88,3009.05,新客,APP,1,0.03
10102,2024-04-11,华东,食品,82.99,4,20.748,3798.65,老客,APP,0,0.02
10103,2024-04-12,西南,家居,99.28,2,49.64,1616.37,新客,网页,1,0.06
10104,2024-04-13,华南,服装,180.73,1,180.72600000000003,2295.06,老客,APP,0,0.08
10105,2024-04-14,华东,服装,93.6,3,31.2,2086.81,新客,APP,0,0.04
10106,2024-04-15,西北,食品,93.0,5,18.6,4922.04,新客,APP,0,0.02
10107,2024-04-16,华北,服装,66.7,7,9.529,1532.02,老客,小程序,0,0.04
10108,2024-04-17,西南,食品,52.96,4,13.24,1544.6,新客,APP,1,0.03
10109,2024-04-18,华北,服装,29.32,4,7.33,1837.29,新客,APP,1,0.02
10110,2024-04-19,华北,服装,474.4,3,158.132,2866.51,老客,APP,0,0.17
10111,2024-04-20,华东,服装,33.28,2,16.64,1336.38,新客,网页,0,0.02
10112,2024-04-21,华北,服装,51.71,1,51.71,4584.92,新客,APP,1,0.01
10113,2024-04-22,西北,家居,65.87,3,21.957,1401.86,老客,网页,0,0.05
10114,2024-04-23,华北,服装,239.42,7,34.203,4489.5,老客,网页,0,0.05
10115,2024-04-24,华东,数码,92.46,7,13.208,607.03,老客,APP,0,0.15
10116,2024-04-25,西北,食品,317.51,4,79.378,3317.16,老客,小程序,1,0.1
10117,2024-04-26,华南,服装,68.28,4,17.069000000000003,4544.23,老客,APP,1,0.02
10118,2024-04-27,华北,服装,112.53,3,37.51,926.87,新客,网页,0,0.12
10119,2024-04-28,华东,美妆,59.98,6,9.997000000000002,4844.8,老客,小程序,0,0.01
10120,2024-04-29,华南,家居,650.99,4,162.747,2319.13,老客,APP,1,0.28
10121,2024-04-30,华南,数码,45.24,3,15.08,4734.0,老客,APP,0,0.01
10122,2024-05-01,西南,美妆,149.96,3,49.98500000000001,3416.42,老客,APP,0,0.04
10123,2024-05-02,西北,家居,149.46,3,49.82,1577.78,新客,网页,0,0.09
10124,2024-05-03,华北,服装,162.97,4,40.742000000000004,1022.68,老客,APP,1,0.16
10125,2024-05-04,华东,数码,100.91,2,50.453,1588.3,老客,小程序,0,0.06
10126,2024-05-05,西南,食品,105.47,7,15.067,555.79,老客,APP,0,0.19
10127,2024-05-06,西北,家居,93.25,5,18.65,804.95,新客,网页,0,0.12
10128,2024-05-07,西南,服装,80.01,7,11.43,612.84,新客,APP,0,0.13
10129,2024-05-08,西北,食品,194.64,3,64.88,2172.42,新客,小程序,0,0.09
10130,2024-05-09,西北,食品,685.93,6,114.322,3998.33,老客,APP,0,0.17
10131,2024-05-10,华北,数码,57.63,3,19.21,792.78,新客,小程序,0,0.07
10132,2024-05-11,西北,服装,30.08,4,7.52,738.57,新客,APP,0,0.04
10133,2024-05-12,西南,数码,109.02,7,15.574000000000002,3252.8,老客,APP,0,0.03
10134,2024-05-13,西北,家居,708.96,7,101.28,1066.2,新客,APP,0,0.66
10135,2024-05-14,华北,数码,61.54,6,10.257,578.29,老客,小程序,1,0.11
10136,2024-05-15,华北,家居,434.27,5,86.85300000000001,917.56,老客,APP,1,0.47
10137,2024-05-16,西南,食品,447.88,4,111.969,4626.28,老客,小程序,0,0.1
10138,2024-05-17,华南,食品,75.14,2,37.57,4125.21,老客,APP,1,0.02
10139,2024-05-18,华南,服装,184.47,5,36.894,1834.92,老客,网页,0,0.1
10140,2024-05-19,西北,食品,430.56,4,107.64,3313.52,老客,网页,1,0.13
10141,2024-05-20,华东,数码,66.45,5,13.29,2732.65,新客,小程序,0,0.02
10142,2024-05-21,西北,食品,76.5,3,25.5,3417.91,新客,APP,0,0.02
10143,2024-05-22,西南,数码,56.52,3,18.84,3445.09,新客,APP,0,0.02
10144,2024-05-23,西南,服装,51.94,5,10.387,3180.8,老客,APP,0,0.02
10145,2024-05-24,西南,食品,69.62,5,13.923000000000002,1403.9,老客,APP,1,0.05
10146,2024-05-25,西南,数码,43.94,2,21.97,291.13,老客,小程序,0,0.15
10147,2024-05-26,西南,数码,120.28,3,40.092,2332.28,老客,小程序,0,0.05
10148,2024-05-27,华北,家居,48.6,5,9.72,4465.77,新客,网页,0,0.01
10149,2024-05-28,华南,家居,141.1,3,47.034,2890.54,老客,APP,1,0.05
10150,2024-05-29,西南,家居,33.7,4,8.424000000000001,4178.72,老客,小程序,0,0.01
10151,2024-05-30,华东,家居,117.3,6,19.55,4958.96,新客,APP,0,0.02
10152,2024-05-31,华东,服装,227.96,3,75.985,901.72,老客,小程序,1,0.25
10153,2024-06-01,华东,服装,18.27,3,6.09,3489.71,新客,APP,0,0.01
10154,2024-06-02,华东,服装,157.83,3,52.611,3404.04,老客,APP,0,0.05
10155,2024-06-03,华北,数码,312.47,3,104.156,4901.78,老客,APP,1,0.06
10156,2024-06-04,华东,美妆,34.2,5,6.84,4929.44,新客,小程序,0,0.01
10157,2024-06-05,西南,家居,446.04,3,148.681,3464.73,老客,网页,0,0.13
10158,2024-06-06,西北,服装,125.88,3,41.96,1293.71,新客,APP,0,0.1
10159,2024-06-07,华东,服装,66.56,4,16.64,4012.92,老客,APP,1,0.02
10160,2024-06-08,华北,美妆,111.93,3,37.31,624.44,老客,APP,0,0.18
10161,2024-06-09,华北,数码,140.7,3,46.9,3925.43,新客,小程序,1,0.04
10162,2024-06-10,华东,家居,124.37,3,41.457,4559.96,老客,APP,1,0.03
10163,2024-06-11,西北,服装,180.1,6,30.017,1975.88,老客,小程序,0,0.09
10164,2024-06-12,华东,家居,56.03,5,11.206,3190.11,老客,网页,1,0.02
10165,2024-06-13,华北,数码,103.1,5,20.62,2207.7,新客,网页,0,0.05
10166,2024-06-14,华南,食品,37.76,5,7.553,2245.05,老客,APP,0,0.02
10167,2024-06-15,西南,美妆,107.06,5,21.410999999999998,1620.82,老客,网页,1,0.07
10168,2024-06-16,华北,家居,43.7,5,8.74,3834.44,新客,小程序,1,0.01
10169,2024-06-17,华东,家居,49.98,1,49.98,4687.27,新客,APP,0,0.01
10170,2024-06-18,西南,美妆,241.98,2,120.99,4709.68,新客,小程序,0,0.05
10171,2024-06-19,华东,家居,280.15,5,56.03,956.43,老客,网页,0,0.29
10172,2024-06-20,华东,数码,146.54,2,73.27,4386.24,新客,APP,0,0.03
10173,2024-06-21,华南,家居,48.82,5,9.763,3713.41,老客,APP,0,0.01
10174,2024-06-22,西南,家居,90.84,2,45.422,1338.9,老客,APP,0,0.07
10175,2024-06-23,西南,服装,308.84,3,102.947,429.69,老客,小程序,0,0.72
10176,2024-06-24,华南,家居,131.08,3,43.693,1413.19,老客,APP,0,0.09
10177,2024-06-25,华北,美妆,748.33,2,374.166,4569.82,老客,网页,0,0.16
10178,2024-06-26,华东,美妆,160.29,5,32.058,3202.58,老客,小程序,1,0.05
10179,2024-06-27,西北,服装,104.96,8,13.12,3633.17,新客,小程序,1,0.03
10180,2024-06-28,华东,数码,70.32,4,17.58,1360.05,新客,APP,0,0.05
10181,2024-06-29,华东,美妆,130.2,5,26.039,3625.0,老客,小程序,0,0.04
10182,2024-06-30,华北,食品,79.68,6,13.28,237.8,新客,APP,0,0.34
10183,2024-07-01,华东,数码,206.23,4,51.558,1939.07,老客,APP,0,0.11
10184,2024-07-02,华南,美妆,251.59,3,83.86300000000001,3171.09,老客,小程序,0,0.08
10185,2024-07-03,华南,食品,48.0,4,12.0,815.87,新客,APP,1,0.06
10186,2024-07-04,西南,服装,40.33,3,13.442,4132.72,老客,小程序,0,0.01
10187,2024-07-05,西北,家居,26.95,3,8.983,1251.65,老客,APP,0,0.02
10188,2024-07-06,华东,服装,175.7,5,35.139,3296.18,老客,APP,0,0.05
10189,2024-07-07,华东,数码,48.41,2,24.206000000000003,2085.47,老客,APP,0,0.02
10190,2024-07-08,华北,服装,20.9,6,3.4840000000000004,3020.61,老客,网页,0,0.01
10191,2024-07-09,华南,食品,122.85,3,40.95,626.51,新客,小程序,1,0.2
10192,2024-07-10,西北,数码,859.87,4,214.96800000000002,182.87,老客,小程序,0,4.7
10193,2024-07-11,西南,服装,116.48,7,16.64,4556.87,老客,APP,0,0.03
10194,2024-07-12,华南,服装,228.85,4,57.213,1421.19,老客,APP,0,0.16
10195,2024-07-13,西南,服装,96.12,4,24.03,4116.42,新客,网页,1,0.02
10196,2024-07-14,华北,美妆,83.2,8,10.4,4996.82,新客,APP,0,0.02
10197,2024-07-15,华北,服装,244.09,4,61.022,1136.01,老客,APP,0,0.21
10198,2024-07-16,华东,服装,92.77,2,46.384,1399.34,老客,小程序,1,0.07
10199,2024-07-17,西北,家居,111.49,1,111.49,3348.01,新客,APP,0,0.03
10200,2024-07-18,西南,服装,151.37,4,37.843,4830.7,老客,网页,0,0.03
10201,2024-07-19,华南,数码,68.59,2,34.294,4587.49,老客,小程序,0,0.01
10202,2024-07-20,华北,服装,258.8,3,86.268,2564.09,老客,APP,0,0.1
10203,2024-07-21,华东,数码,78.26,2,39.13,3996.04,新客,APP,0,0.02
10204,2024-07-22,华东,数码,49.2,4,12.3,765.15,新客,APP,0,0.06
10205,2024-07-23,西南,服装,138.28,2,69.14,4889.45,新客,网页,0,0.03
10206,2024-07-24,华北,服装,57.02,3,19.006,4825.33,老客,小程序,0,0.01
10207,2024-07-25,西北,美妆,119.66,5,23.933,902.27,老客,APP,0,0.13
10208,2024-07-26,华北,服装,116.17,4,29.042,1567.17,老客,APP,0,0.07
10209,2024-07-27,西南,家居,278.98,5,55.79600000000001,590.76,老客,小程序,0,0.47
10210,2024-07-28,西南,家居,171.09,3,57.031,1431.42,老客,小程序,1,0.12
10211,2024-07-29,华北,数码,114.7,3,38.233000000000004,4098.18,老客,APP,0,0.03
10212,2024-07-30,西南,家居,225.11,4,56.277,1953.75,老客,APP,0,0.12
10213,2024-07-31,华北,数码,273.74,2,136.87,533.15,新客,APP,0,0.51
10214,2024-08-01,华南,美妆,140.64,3,46.88,1776.91,新客,小程序,0,0.08
10215,2024-08-02,华北,数码,117.98,5,23.595,4908.78,老客,网页,0,0.02
10216,2024-08-03,华北,服装,40.95,7,5.8500000000000005,3185.45,老客,APP,0,0.01
10217,2024-08-04,西南,数码,38.4,5,7.68,2139.19,新客,小程序,0,0.02
10218,2024-08-05,西南,美妆,91.68,2,45.838,916.04,老客,APP,0,0.1
10219,2024-08-06,华东,服装,71.89,5,14.378000000000002,4932.27,老客,APP,1,0.01
10220,2024-08-07,华东,家居,77.5,5,15.5,4122.16,新客,APP,0,0.02
10221,2024-08-08,华南,数码,94.2,2,47.1,1479.24,新客,网页,0,0.06
10222,2024-08-09,华东,家居,137.52,6,22.92,443.34,新客,APP,0,0.31
10223,2024-08-10,华北,数码,110.6,3,36.868,377.47,老客,小程序,0,0.29
10224,2024-08-11,西南,食品,132.84,2,66.42,689.85,新客,APP,0,0.19
10225,2024-08-12,华东,数码,123.24,5,24.648000000000003,2945.77,老客,APP,0,0.04
10226,2024-08-13,华东,数码,24.08,4,6.019,4650.94,老客,APP,0,0.01
10227,2024-08-14,华南,数码,55.22,4,13.806,2534.04,老客,小程序,1,0.02
10228,2024-08-15,华南,服装,80.22,7,11.46,4230.43,新客,APP,1,0.02
10229,2024-08-16,华北,家居,44.46,5,8.892,2284.84,老客,小程序,0,0.02
10230,2024-08-17,西南,数码,189.15,10,18.915000000000003,3572.06,老客,APP,0,0.05
10231,2024-08-18,华南,食品,398.22,4,99.554,3686.18,老客,APP,1,0.11
10232,2024-08-19,华东,服装,310.24,3,103.415,952.42,老客,APP,0,0.33
10233,2024-08-20,西南,服装,75.88,4,18.97,1869.96,新客,APP,0,0.04
10234,2024-08-21,西南,服装,385.67,3,128.55700000000002,3222.78,老客,APP,0,0.12
10235,2024-08-22,华东,服装,131.82,6,21.97,446.41,老客,APP,0,0.3
10236,2024-08-23,华南,家居,89.38,5,17.875,1871.55,老客,小程序,0,0.05
10237,2024-08-24,华东,数码,71.66,4,17.914,2720.52,老客,小程序,0,0.03
10238,2024-08-25,西南,数码,91.88,6,15.314,4981.5,老客,APP,0,0.02
10239,2024-08-26,西北,食品,66.0,4,16.5,2425.21,新客,APP,0,0.03
10240,2024-08-27,西北,美妆,134.11,2,67.054,4098.68,老客,APP,1,0.03
10241,2024-08-28,华北,服装,133.07,4,33.267,2217.13,老客,APP,0,0.06
10242,2024-08-29,华东,服装,117.31,8,14.664,4002.31,老客,APP,0,0.03
10243,2024-08-30,华东,家居,127.68,4,31.92,3017.53,新客,网页,0,0.04
10244,2024-08-31,华北,服装,303.34,3,101.114,4444.32,老客,APP,1,0.07
10245,2024-09-01,华北,数码,250.15,6,41.691,2113.62,老客,APP,1,0.12
10246,2024-09-02,华北,数码,27.45,3,9.15,3061.09,新客,APP,0,0.01
10247,2024-09-03,西南,家居,15.15,5,3.0290000000000004,3187.09,老客,APP,0,0.0
10248,2024-09-04,华东,家居,247.1,2,123.552,2145.18,老客,小程序,1,0.12
10249,2024-09-05,西南,数码,39.21,4,9.802,807.13,老客,APP,0,0.05
10250,2024-09-06,华北,数码,97.81,9,10.868,558.44,老客,APP,0,0.18
10251,2024-09-07,华东,数码,45.86,4,11.466000000000001,181.69,老客,小程序,0,0.25
10252,2024-09-08,西南,家居,21.3,6,3.55,4380.32,新客,APP,0,0.0
10253,2024-09-09,西南,数码,180.45,7,25.779,1258.73,老客,小程序,0,0.14
10254,2024-09-10,华北,数码,214.81,6,35.802,1136.38,老客,小程序,0,0.19
10255,2024-09-11,华东,食品,73.78,5,14.755,3706.57,老客,APP,0,0.02
10256,2024-09-12,华北,数码,14.72,4,3.6790000000000003,1668.08,老客,小程序,1,0.01
10257,2024-09-13,华东,家居,75.6,5,15.119000000000002,2579.62,老客,APP,1,0.03
10258,2024-09-14,西北,数码,123.15,1,123.15,896.3,新客,小程序,1,0.14
10259,2024-09-15,华南,数码,35.8,9,3.978,4802.75,老客,APP,1,0.01
10260,2024-09-16,华南,数码,104.25,3,34.75,4272.75,新客,APP,0,0.02
10261,2024-09-17,华南,家居,88.9,5,17.78,4332.57,新客,小程序,0,0.02
10262,2024-09-18,华北,食品,143.08,1,143.08,2093.19,新客,网页,0,0.07
10263,2024-09-19,西北,食品,128.75,2,64.376,3835.57,老客,网页,1,0.03
10264,2024-09-20,华东,服装,41.36,8,5.17,804.99,新客,小程序,0,0.05
10265,2024-09-21,西南,家居,234.45,5,46.89,142.23,新客,APP,1,1.65
10266,2024-09-22,华东,数码,79.32,6,13.22,197.87,新客,APP,0,0.4
10267,2024-09-23,西南,服装,88.08,2,44.04,2974.35,新客,APP,1,0.03
10268,2024-09-24,华东,食品,55.46,6,9.243,2331.44,老客,APP,0,0.02
10269,2024-09-25,西北,数码,82.08,2,41.041000000000004,2638.28,老客,APP,0,0.03
10270,2024-09-26,西南,数码,44.34,3,14.78,136.57,新客,网页,1,0.32
10271,2024-09-27,华北,数码,101.92,2,50.96000000000001,2171.16,老客,APP,0,0.05
10272,2024-09-28,华东,数码,460.2,5,92.04,3618.53,老客,APP,1,0.13
10273,2024-09-29,华东,数码,39.05,4,9.763,2269.2,老客,APP,0,0.02
10274,2024-09-30,西南,家居,24.76,2,12.38,3687.87,新客,网页,0,0.01
10275,2024-10-01,华北,服装,379.65,4,94.91300000000001,1241.79,老客,小程序,0,0.31
10276,2024-10-02,华北,食品,76.14,3,25.38,4084.4,新客,小程序,0,0.02
10277,2024-10-03,西北,食品,52.71,3,17.57,2983.31,新客,APP,0,0.02
10278,2024-10-04,华北,服装,206.84,2,103.42,1132.74,新客,网页,0,0.18
10279,2024-10-05,华北,服装,72.07,4,18.018,1259.93,老客,APP,0,0.06
10280,2024-10-06,华北,服装,387.93,3,129.31,3177.35,新客,网页,0,0.12
10281,2024-10-07,华南,家居,154.84,4,38.71,4166.7,新客,小程序,0,0.04
10282,2024-10-08,西北,服装,60.92,4,15.23,2136.58,新客,APP,0,0.03
10283,2024-10-09,华东,家居,657.38,6,109.56400000000001,1365.67,老客,APP,1,0.48
10284,2024-10-10,西南,服装,72.07,7,10.296,4348.36,老客,小程序,0,0.02
10285,2024-10-11,华东,家居,163.0,4,40.75,3379.41,新客,APP,0,0.05
10286,2024-10-12,西北,服装,148.67,6,24.778,2295.62,老客,网页,0,0.06
10287,2024-10-13,西南,服装,331.54,3,110.513,2490.71,老客,APP,0,0.13
10288,2024-10-14,西北,美妆,408.14,3,136.04500000000002,1100.86,老客,APP,0,0.37
10289,2024-10-15,华北,食品,92.35,5,18.47,3171.33,新客,APP,1,0.03
10290,2024-10-16,西南,数码,64.06,4,16.016000000000002,1857.84,老客,APP,1,0.03
10291,2024-10-17,华北,食品,130.05,3,43.35,4978.66,新客,APP,0,0.03
10292,2024-10-18,华东,服装,68.04,2,34.021,2452.9,老客,APP,0,0.03
10293,2024-10-19,华东,食品,450.66,6,75.11,2480.84,新客,小程序,1,0.18
10294,2024-10-20,西南,食品,130.52,4,32.63,2872.67,老客,APP,0,0.05
10295,2024-10-21,西南,服装,87.36,5,17.472,4592.1,老客,网页,0,0.02
10296,2024-10-22,西北,数码,135.67,2,67.834,4024.01,老客,小程序,0,0.03
10297,2024-10-23,西北,服装,30.64,4,7.66,2310.54,新客,网页,0,0.01
10298,2024-10-24,华北,服装,53.82,5,10.764,3621.63,老客,APP,1,0.01
10299,2024-10-25,西南,家居,235.17,3,78.39,2972.55,新客,APP,0,0.08
10300,2024-10-26,华东,服装,69.19,3,23.061999999999998,2512.6,老客,APP,0,0.03
10301,2024-10-27,西北,数码,50.66,3,16.887,1042.35,老客,小程序,0,0.05
10302,2024-10-28,西北,食品,179.79,5,35.958,2373.29,老客,网页,1,0.08
10303,2024-10-29,华东,美妆,302.17,6,50.362,1304.51,老客,APP,1,0.23
10304,2024-10-30,西北,服装,207.99,3,69.329,4582.73,老客,APP,0,0.05
10305,2024-10-31,华北,数码,259.62,3,86.541,1743.49,老客,网页,0,0.15
10306,2024-11-01,西南,服装,63.9,5,12.779,4766.09,老客,APP,0,0.01
10307,2024-11-02,华东,数码,28.86,1,28.86,2711.97,新客,小程序,1,0.01
10308,2024-11-03,西南,美妆,388.96,4,97.24,3194.57,老客,小程序,1,0.12
10309,2024-11-04,西北,数码,90.4,1,90.40200000000002,2760.41,老客,网页,0,0.03
10310,2024-11-05,西北,家居,95.74,3,31.915000000000003,733.97,老客,APP,1,0.13
10311,2024-11-06,华东,服装,260.49,3,86.83,1941.52,新客,APP,0,0.13
10312,2024-11-07,华北,家居,182.62,2,91.312,585.82,老客,小程序,0,0.31
10313,2024-11-08,华南,家居,168.54,5,33.709,3152.47,老客,网页,0,0.05
10314,2024-11-09,华东,食品,661.44,6,110.24,2289.68,老客,APP,0,0.29
10315,2024-11-10,华南,数码,69.94,2,34.97,3912.13,老客,APP,0,0.02
10316,2024-11-11,华南,数码,245.83,5,49.166000000000004,1180.31,老客,小程序,0,0.21
10317,2024-11-12,华北,数码,122.49,1,122.486,906.37,老客,网页,0,0.14
10318,2024-11-13,华南,美妆,111.58,7,15.94,2091.03,新客,网页,0,0.05
10319,2024-11-14,华南,食品,305.76,6,50.96,4640.27,新客,网页,0,0.07
10320,2024-11-15,华北,家居,175.66,2,87.828,3581.07,老客,APP,0,0.05
10321,2024-11-16,华南,家居,180.02,6,30.003999999999998,2152.73,老客,APP,0,0.08
10322,2024-11-17,华南,家居,275.99,2,137.995,2634.63,老客,小程序,0,0.1
10323,2024-11-18,华南,数码,87.36,5,17.472,512.64,老客,网页,0,0.17
10324,2024-11-19,华东,美妆,45.99,3,15.33,4924.42,新客,APP,1,0.01
10325,2024-11-20,华东,服装,50.73,2,25.363000000000003,3365.4,老客,APP,1,0.02
10326,2024-11-21,华东,服装,18.68,4,4.67,1498.48,新客,小程序,1,0.01
10327,2024-11-22,华北,服装,466.36,4,116.59,2970.46,新客,APP,0,0.16
10328,2024-11-23,西北,数码,48.41,7,6.916,636.46,老客,APP,0,0.08
10329,2024-11-24,华南,数码,75.41,1,75.41,4832.6,新客,小程序,0,0.02
10330,2024-11-25,华南,家居,93.81,4,23.451999999999998,956.45,老客,小程序,0,0.1
10331,2024-11-26,华北,数码,149.6,6,24.934,3275.35,老客,小程序,0,0.05
10332,2024-11-27,华南,家居,224.74,2,112.372,1302.73,老客,APP,0,0.17
10333,2024-11-28,华东,数码,179.2,4,44.8,3616.05,新客,小程序,1,0.05
10334,2024-11-29,西北,服装,56.45,5,11.29,3906.42,新客,小程序,0,0.01
10335,2024-11-30,西南,服装,78.75,3,26.25,3399.76,新客,小程序,1,0.02
10336,2024-12-01,华南,服装,146.69,4,36.673,3111.05,老客,小程序,1,0.05
10337,2024-12-02,华东,家居,95.89,8,11.986,4473.1,老客,APP,0,0.02
10338,2024-12-03,西南,服装,423.38,2,211.692,485.27,老客,APP,1,0.87
10339,2024-12-04,西北,家居,133.32,4,33.33,1721.48,新客,APP,0,0.08
10340,2024-12-05,西南,服装,210.65,4,52.663,1316.61,老客,APP,1,0.16
10341,2024-12-06,华东,家居,152.98,2,76.49,4941.27,新客,小程序,0,0.03
10342,2024-12-07,西南,美妆,230.16,2,115.08,2008.01,新客,网页,1,0.11
10343,2024-12-08,华北,家居,135.25,3,45.084,3689.8,老客,小程序,0,0.04
10344,2024-12-09,西南,数码,41.46,3,13.819,3455.15,老客,小程序,1,0.01
10345,2024-12-10,华南,数码,123.9,7,17.7,1139.2,新客,APP,0,0.11
10346,2024-12-11,华南,服装,53.46,2,26.73,1271.09,新客,APP,0,0.04
10347,2024-12-12,华北,家居,76.65,4,19.162000000000003,1478.29,老客,APP,1,0.05
10348,2024-12-13,华东,数码,143.92,4,35.98,2114.52,新客,APP,1,0.07
10349,2024-12-14,华南,服装,242.4,5,48.48,1248.19,新客,APP,0,0.19
10350,2024-12-15,西北,家居,119.03,3,39.676,196.29,老客,小程序,0,0.61
10351,2024-12-16,华南,服装,149.81,4,37.453,4409.03,老客,网页,0,0.03
10352,2024-12-17,华南,食品,456.76,5,91.351,4831.49,老客,APP,1,0.09
10353,2024-12-18,华东,数码,141.88,3,47.294000000000004,1773.69,老客,APP,1,0.08
10354,2024-12-19,西南,数码,937.98,4,234.494,1758.68,老客,小程序,1,0.53
10355,2024-12-20,华南,家居,141.51,3,47.17,134.75,新客,APP,0,1.05
10356,2024-12-21,华北,服装,28.6,5,5.720000000000001,3433.23,老客,网页,0,0.01
10357,2024-12-22,西南,家居,213.8,2,106.89900000000002,4144.66,老客,小程序,0,0.05
10358,2024-12-23,西北,服装,122.12,4,30.53,818.38,新客,网页,1,0.15
10359,2024-12-24,华东,数码,328.38,6,54.730000000000004,882.37,老客,APP,0,0.37
10360,2024-12-25,西北,食品,154.26,3,51.42,3971.41,新客,小程序,1,0.04
10361,2024-12-26,西南,食品,80.6,5,16.12,3119.82,新客,APP,0,0.03
10362,2024-12-27,西南,家居,33.81,3,11.27,319.82,新客,小程序,0,0.11
10363,2024-12-28,西南,服装,99.01,2,49.504,3150.48,老客,APP,0,0.03
10364,2024-12-29,西北,家居,59.28,4,14.82,1613.7,老客,APP,0,0.04
10365,2024-12-30,西南,服装,73.58,5,14.716000000000001,1906.75,老客,小程序,0,0.04
10366,2024-12-31,西北,数码,187.41,8,23.426000000000002,3871.68,老客,小程序,0,0.05
10367,2025-01-01,西南,美妆,342.4,5,68.48,4073.58,新客,网页,0,0.08
10368,2025-01-02,华北,数码,123.41,7,17.63,2061.75,新客,小程序,1,0.06
10369,2025-01-03,西南,美妆,34.6,5,6.92,4741.05,新客,小程序,0,0.01
10370,2025-01-04,西北,服装,128.48,2,64.24,2091.67,新客,APP,0,0.06
10371,2025-01-05,华南,数码,234.46,2,117.23,3882.0,新客,小程序,0,0.06
10372,2025-01-06,西南,服装,71.86,8,8.983,2471.0,老客,小程序,0,0.03
10373,2025-01-07,华南,食品,105.11,5,21.021000000000004,4497.91,老客,网页,1,0.02
10374,2025-01-08,华北,家居,118.4,4,29.601,4548.03,老客,网页,0,0.03
10375,2025-01-09,华东,食品,48.04,4,12.01,528.34,新客,APP,1,0.09
10376,2025-01-10,华北,家居,196.56,4,49.14,4688.82,老客,网页,0,0.04
10377,2025-01-11,西南,家居,81.72,4,20.43,4145.12,新客,APP,0,0.02
10378,2025-01-12,华南,食品,125.92,2,62.96,3977.42,新客,APP,0,0.03
10379,2025-01-13,华南,数码,57.54,2,28.769,1084.47,老客,小程序,0,0.05
10380,2025-01-14,西北,服装,82.47,4,20.618,4045.08,老客,APP,0,0.02
10381,2025-01-15,华南,数码,160.44,1,160.44,4265.65,新客,小程序,1,0.04
10382,2025-01-16,西北,美妆,86.84,4,21.71,1516.84,老客,APP,0,0.06
10383,2025-01-17,华东,美妆,358.36,4,89.59,4766.07,新客,APP,0,0.08
10384,2025-01-18,西南,数码,84.99,1,84.994,344.31,老客,小程序,0,0.25
10385,2025-01-19,西北,家居,140.05,3,46.683,834.56,老客,小程序,0,0.17
10386,2025-01-20,华东,美妆,246.77,2,123.383,2734.15,老客,网页,0,0.09
10387,2025-01-21,华南,数码,28.95,3,9.65,2921.38,新客,小程序,0,0.01
10388,2025-01-22,华南,家居,28.6,5,5.720000000000001,3261.24,老客,小程序,0,0.01
10389,2025-01-23,华东,美妆,34.52,5,6.903,183.15,老客,APP,0,0.19
10390,2025-01-24,华南,数码,321.31,2,160.654,4805.8,老客,APP,0,0.07
10391,2025-01-25,华东,家居,57.88,4,14.47,318.48,新客,APP,1,0.18
10392,2025-01-26,西北,服装,905.89,4,226.473,801.0,老客,小程序,0,1.13
10393,2025-01-27,西北,美妆,74.53,3,24.843,168.67,老客,小程序,0,0.44
10394,2025-01-28,华东,美妆,135.64,3,45.214000000000006,2877.61,老客,APP,1,0.05
10395,2025-01-29,西北,美妆,401.86,4,100.464,4668.11,老客,小程序,0,0.09
10396,2025-01-30,西北,服装,582.46,3,194.155,3363.14,老客,小程序,0,0.17
10397,2025-01-31,西北,食品,608.82,4,152.204,4131.02,老客,APP,0,0.15
10398,2025-02-01,华北,食品,307.67,3,102.557,165.08,老客,APP,0,1.86
10399,2025-02-02,西南,服装,204.24,2,102.12,2755.87,新客,网页,0,0.07
10400,2025-02-03,华南,食品,187.99,1,187.99300000000002,2351.86,老客,小程序,1,0.08
10401,2025-02-04,华北,数码,167.8,4,41.95,2544.94,新客,网页,1,0.07
10402,2025-02-05,西北,家居,75.27,5,15.054,453.84,老客,APP,1,0.17
10403,2025-02-06,华东,数码,46.8,5,9.36,3453.73,新客,网页,1,0.01
10404,2025-02-07,西北,数码,116.69,4,29.172000000000004,2565.78,老客,APP,0,0.05
10405,2025-02-08,西南,数码,78.56,4,19.64,3849.23,新客,APP,0,0.02
10406,2025-02-09,西北,家居,62.65,7,8.95,2477.92,新客,网页,1,0.03
10407,2025-02-10,华东,服装,204.3,5,40.859,831.97,老客,APP,1,0.25
10408,2025-02-11,西南,家居,193.3,5,38.66,3276.46,新客,小程序,0,0.06
10409,2025-02-12,西北,数码,96.6,6,16.1,944.69,新客,APP,1,0.1
10410,2025-02-13,西南,服装,293.54,2,146.77,4374.73,新客,小程序,0,0.07
10411,2025-02-14,华南,服装,46.93,5,9.386,3104.27,老客,网页,0,0.02
10412,2025-02-15,华南,食品,100.23,3,33.410000000000004,870.3,老客,APP,0,0.12
10413,2025-02-16,西北,服装,65.97,5,13.195,4815.46,老客,小程序,0,0.01
10414,2025-02-17,西南,家居,26.29,6,4.381,2639.99,老客,APP,0,0.01
10415,2025-02-18,华东,食品,109.55,3,36.517,457.2,老客,小程序,0,0.24
10416,2025-02-19,西北,家居,81.65,5,16.33,3171.48,新客,APP,0,0.03
10417,2025-02-20,华南,数码,302.1,2,151.05,1340.67,新客,APP,0,0.23
10418,2025-02-21,华南,数码,193.83,3,64.61,4038.1,老客,APP,0,0.05
10419,2025-02-22,西北,食品,39.65,5,7.93,4107.33,新客,APP,1,0.01
10420,2025-02-23,西南,数码,396.74,2,198.37,4896.84,新客,网页,0,0.08
10421,2025-02-24,华南,食品,310.8,2,155.40200000000002,2559.16,老客,APP,0,0.12
10422,2025-02-25,西南,服装,186.43,1,186.433,2329.29,老客,APP,0,0.08
10423,2025-02-26,华南,美妆,75.08,4,18.77,3792.03,新客,APP,0,0.02
10424,2025-02-27,华南,食品,41.76,4,10.44,749.11,新客,APP,1,0.06
10425,2025-02-28,华北,美妆,86.9,5,17.381,2779.89,老客,小程序,0,0.03
10426,2025-03-01,华南,服装,279.59,3,93.197,2776.61,老客,网页,1,0.1
10427,2025-03-02,华东,食品,528.48,4,132.119,538.42,老客,APP,0,0.98
10428,2025-03-03,西北,服装,402.22,7,57.46000000000001,2148.12,老客,网页,0,0.19
10429,2025-03-04,西北,服装,79.13,3,26.377,4281.1,老客,小程序,0,0.02
10430,2025-03-05,西南,家居,47.78,3,15.925,4295.15,老客,APP,0,0.01
10431,2025-03-06,华南,食品,131.0,3,43.66700000000001,586.26,老客,小程序,0,0.22
10432,2025-03-07,华东,美妆,21.85,5,4.37,544.53,新客,小程序,0,0.04
10433,2025-03-08,西南,食品,151.53,2,75.76400000000001,1387.21,老客,小程序,0,0.11
10434,2025-03-09,华北,服装,80.0,5,16.0,4386.35,新客,网页,0,0.02
10435,2025-03-10,西南,服装,62.0,4,15.5,731.62,新客,APP,1,0.08
10436,2025-03-11,西南,家居,32.66,4,8.164000000000001,3627.98,老客,网页,0,0.01
10437,2025-03-12,华南,数码,176.51,6,29.419,595.71,老客,小程序,0,0.3
10438,2025-03-13,华北,数码,76.44,4,19.11,3153.38,老客,APP,0,0.02
10439,2025-03-14,西南,服装,35.32,2,17.66,1844.73,新客,小程序,0,0.02
10440,2025-03-15,华东,服装,11.75,2,5.8759999999999994,3965.68,老客,APP,0,0.0
10441,2025-03-16,华东,服装,114.5,4,28.626,1245.08,老客,网页,1,0.09
10442,2025-03-17,西北,数码,483.05,6,80.509,3232.09,老客,小程序,1,0.15
10443,2025-03-18,华北,数码,340.0,5,68.0,1254.84,新客,APP,0,0.27
10444,2025-03-19,华北,数码,81.2,3,27.066000000000003,3596.94,老客,APP,0,0.02
10445,2025-03-20,西北,美妆,72.28,8,9.035,4381.02,老客,小程序,0,0.02
10446,2025-03-21,西南,服装,130.98,1,130.98,721.33,新客,APP,0,0.18
10447,2025-03-22,华北,服装,52.65,5,10.53,4346.32,老客,APP,0,0.01
10448,2025-03-23,华东,家居,148.98,3,49.660000000000004,3008.52,老客,APP,0,0.05
10449,2025-03-24,华东,数码,166.16,4,41.54,722.84,新客,APP,0,0.23
10450,2025-03-25,华南,美妆,240.22,2,120.11,2194.96,新客,APP,0,0.11
10451,2025-03-26,华北,食品,83.08,4,20.77,888.22,新客,APP,0,0.09
10452,2025-03-27,西南,数码,99.42,2,49.712,3531.7,老客,APP,0,0.03
10453,2025-03-28,西北,服装,44.6,4,11.15,3818.45,新客,小程序,0,0.01
10454,2025-03-29,西北,食品,60.42,7,8.632,618.4,老客,小程序,0,0.1
10455,2025-03-30,西南,美妆,97.6,4,24.401,2580.09,老客,APP,1,0.04
10456,2025-03-31,华南,服装,157.01,3,52.338,4091.66,老客,APP,0,0.04
10457,2025-04-01,西北,家居,186.96,2,93.48,4687.2,新客,小程序,1,0.04
10458,2025-04-02,华北,数码,47.35,5,9.47,2616.24,新客,APP,0,0.02
10459,2025-04-03,华南,美妆,386.23,5,77.24600000000001,4756.37,老客,APP,0,0.08
10460,2025-04-04,华北,数码,94.17,4,23.543,2724.88,老客,APP,0,0.03
10461,2025-04-05,华东,美妆,115.02,2,57.51200000000001,2031.53,老客,网页,0,0.06
10462,2025-04-06,华南,家居,49.5,5,9.9,4256.2,新客,小程序,1,0.01
10463,2025-04-07,西北,家居,12.93,3,4.31,2515.62,新客,小程序,0,0.01
10464,2025-04-08,华南,服装,237.38,5,47.476000000000006,2412.32,老客,小程序,0,0.1
10465,2025-04-09,华南,数码,162.3,2,81.15,2502.53,新客,小程序,0,0.06
10466,2025-04-10,华南,数码,93.44,6,15.574000000000002,4249.25,老客,APP,1,0.02
10467,2025-04-11,华南,数码,123.45,4,30.862,4176.51,老客,小程序,0,0.03
10468,2025-04-12,华北,数码,136.0,2,68.0,2077.25,新客,APP,1,0.07
10469,2025-04-13,华东,食品,33.54,3,11.18,1733.17,老客,小程序,1,0.02
10470,2025-04-14,西南,服装,76.65,2,38.324000000000005,2510.45,老客,小程序,0,0.03
10471,2025-04-15,华南,数码,169.92,6,28.32,2906.59,新客,小程序,1,0.06
10472,2025-04-16,西北,美妆,42.9,2,21.45,1267.85,老客,APP,1,0.03
10473,2025-04-17,华南,食品,113.84,4,28.46,3990.38,新客,APP,0,0.03
10474,2025-04-18,西北,美妆,39.55,3,13.182,2483.77,老客,小程序,0,0.02
10475,2025-04-19,华北,美妆,130.72,4,32.68,1736.82,新客,小程序,0,0.08
10476,2025-04-20,西北,数码,113.72,3,37.908,623.42,老客,网页,0,0.18
10477,2025-04-21,西南,服装,32.14,6,5.356000000000001,1270.34,老客,APP,0,0.03
10478,2025-04-22,华东,食品,297.12,5,59.423,4751.48,老客,小程序,0,0.06
10479,2025-04-23,西北,家居,50.04,6,8.34,1594.99,新客,小程序,0,0.03
10480,2025-04-24,西北,数码,61.19,3,20.397,927.41,老客,网页,0,0.07
10481,2025-04-25,华东,食品,105.68,4,26.42,2357.3,新客,小程序,0,0.04
10482,2025-04-26,西南,数码,293.32,3,97.773,1604.73,老客,小程序,1,0.18
10483,2025-04-27,华南,数码,51.92,2,25.961,272.28,老客,小程序,1,0.19
10484,2025-04-28,西北,服装,94.56,4,23.64,1683.41,新客,小程序,0,0.06
10485,2025-04-29,华东,家居,126.86,2,63.43,2766.13,新客,网页,0,0.05
10486,2025-04-30,华北,家居,203.74,8,25.467000000000002,2803.39,老客,APP,0,0.07
10487,2025-05-01,华东,数码,103.67,7,14.81,1847.14,新客,APP,1,0.06
10488,2025-05-02,华北,食品,87.26,4,21.814000000000004,2291.78,老客,网页,0,0.04
10489,2025-05-03,西南,服装,46.45,5,9.29,4831.04,新客,小程序,0,0.01
10490,2025-05-04,华南,数码,96.44,2,48.22,1949.01,新客,小程序,1,0.05
10491,2025-05-05,华东,食品,49.63,2,24.817,1365.31,老客,APP,1,0.04
10492,2025-05-06,西北,美妆,11.31,3,3.77,1292.99,老客,APP,1,0.01
10493,2025-05-07,西南,食品,165.93,4,41.483000000000004,2343.05,老客,小程序,1,0.07
10494,2025-05-08,华东,食品,185.52,4,46.38,3821.65,新客,小程序,0,0.05
10495,2025-05-09,西北,家居,17.68,2,8.84,1109.34,老客,APP,0,0.02
10496,2025-05-10,华东,家居,40.15,5,8.03,3575.55,新客,APP,0,0.01
10497,2025-05-11,华北,数码,192.04,2,96.018,203.63,老客,网页,0,0.94
10498,2025-05-12,华东,服装,606.89,4,151.72299999999998,2152.77,老客,APP,1,0.28
10499,2025-05-13,华东,服装,118.98,4,29.744,3901.74,老客,网页,0,0.03
10500,2025-05-14,华东,服装,65.36,2,32.682,1759.79,老客,APP,0,0.04
10501,2025-05-15,西南,家居,101.09,3,33.696000000000005,2862.31,老客,小程序,1,0.04
10502,2025-05-16,华东,服装,351.52,5,70.304,1104.4,老客,网页,0,0.32
10503,2025-05-17,西北,数码,69.81,3,23.27,3735.78,老客,小程序,1,0.02
10504,2025-05-18,华北,数码,61.75,1,61.75,356.17,老客,APP,1,0.17
10505,2025-05-19,华北,家居,61.2,5,12.24,4277.46,新客,小程序,0,0.01
10506,2025-05-20,华东,数码,41.99,1,41.99,1071.16,新客,APP,0,0.04
10507,2025-05-21,西南,食品,129.09,3,43.03,4384.55,老客,APP,0,0.03
10508,2025-05-22,西南,服装,330.24,6,55.04,1827.39,新客,网页,0,0.18
10509,2025-05-23,西北,服装,116.56,2,58.28,3641.15,新客,小程序,0,0.03
10510,2025-05-24,华东,家居,73.56,6,12.26,1664.2,新客,小程序,0,0.04
10511,2025-05-25,华北,食品,92.69,5,18.538,4538.97,老客,APP,1,0.02
10512,2025-05-26,西南,服装,25.8,5,5.16,720.52,新客,APP,0,0.04
10513,2025-05-27,华东,家居,182.44,4,45.61,974.75,新客,APP,1,0.19
10514,2025-05-28,西南,家居,84.56,7,12.08,2515.85,新客,小程序,0,0.03
10515,2025-05-29,西南,服装,101.28,3,33.761,501.5,老客,小程序,0,0.2
10516,2025-05-30,华北,食品,1505.46,5,301.093,1060.3,老客,小程序,1,1.42
10517,2025-05-31,华南,食品,148.63,3,49.543,4724.46,老客,网页,0,0.03
10518,2025-06-01,西北,家居,64.12,6,10.686000000000002,4884.8,老客,APP,0,0.01
10519,2025-06-02,西北,食品,83.2,4,20.8,1943.67,老客,APP,0,0.04
10520,2025-06-03,华北,食品,225.6,4,56.4,4624.1,新客,APP,1,0.05
10521,2025-06-04,西南,家居,98.56,4,24.64,2769.64,新客,APP,0,0.04
10522,2025-06-05,华东,食品,28.48,2,14.24,1421.74,新客,APP,0,0.02
10523,2025-06-06,西南,家居,187.8,4,46.95,3541.75,新客,网页,0,0.05
10524,2025-06-07,华北,家居,68.61,7,9.802,3328.62,老客,APP,1,0.02
10525,2025-06-08,西北,家居,523.74,4,130.936,4946.71,老客,网页,1,0.11
10526,2025-06-09,西南,食品,277.68,2,138.84,1398.73,老客,APP,0,0.2
10527,2025-06-10,西北,数码,81.85,4,20.462,3393.09,老客,网页,1,0.02
10528,2025-06-11,华东,食品,326.09,4,81.52300000000001,354.92,老客,小程序,0,0.92
10529,2025-06-12,西北,食品,95.04,3,31.68,656.87,新客,网页,0,0.14
10530,2025-06-13,西北,数码,178.08,4,44.52,119.2,新客,APP,0,1.49
10531,2025-06-14,华南,食品,172.46,1,172.458,4997.36,老客,小程序,0,0.03
10532,2025-06-15,华南,数码,59.44,9,6.604,4031.14,老客,网页,0,0.01
10533,2025-06-16,华南,服装,53.8,2,26.9,3954.94,新客,APP,0,0.01
10534,2025-06-17,西北,家居,266.76,2,133.38,2597.66,老客,APP,0,0.1
10535,2025-06-18,华北,数码,89.54,4,22.386,1570.33,老客,APP,1,0.06
10536,2025-06-19,西北,食品,84.75,3,28.249000000000002,841.19,老客,网页,0,0.1
10537,2025-06-20,华北,食品,54.52,3,18.174,1494.91,老客,小程序,0,0.04
10538,2025-06-21,华北,服装,126.32,4,31.58,1942.26,新客,小程序,1,0.07
10539,2025-06-22,华南,数码,468.75,5,93.75,3805.92,新客,APP,0,0.12
10540,2025-06-23,西南,服装,49.82,4,12.454,2744.34,老客,APP,0,0.02
10541,2025-06-24,华东,家居,91.76,8,11.47,479.67,新客,网页,1,0.19
10542,2025-06-25,华南,美妆,362.18,4,90.54500000000002,188.34,老客,APP,0,1.92
10543,2025-06-26,华南,家居,109.82,4,27.456000000000003,601.43,老客,小程序,0,0.18
10544,2025-06-27,西南,服装,129.28,4,32.32,2111.44,新客,网页,0,0.06
10545,2025-06-28,华东,家居,50.0,6,8.333,4672.65,老客,APP,1,0.01
10546,2025-06-29,西北,服装,164.81,6,27.469,3223.27,老客,小程序,0,0.05
10547,2025-06-30,西北,食品,77.5,5,15.5,4028.95,新客,APP,1,0.02
10548,2025-07-01,华南,数码,257.47,5,51.493,2385.24,老客,小程序,0,0.11
10549,2025-07-02,华东,食品,302.56,3,100.854,1872.16,老客,APP,0,0.16
10550,2025-07-03,华南,服装,928.93,7,132.704,631.16,老客,小程序,1,1.47
10551,2025-07-04,华北,美妆,143.12,4,35.78,4392.07,新客,APP,0,0.03
10552,2025-07-05,华南,服装,151.87,3,50.622,3937.48,老客,APP,0,0.04
10553,2025-07-06,华南,家居,136.68,7,19.526,923.78,老客,小程序,0,0.15
10554,2025-07-07,西北,美妆,67.85,5,13.57,2610.08,新客,APP,1,0.03
10555,2025-07-08,西北,数码,118.0,4,29.5,2488.14,新客,小程序,0,0.05
10556,2025-07-09,西北,美妆,92.4,4,23.101,3162.95,老客,APP,0,0.03
10557,2025-07-10,华北,家居,102.97,7,14.71,4736.32,新客,小程序,0,0.02
10558,2025-07-11,西北,数码,335.79,5,67.158,2940.88,老客,APP,1,0.11
10559,2025-07-12,华东,服装,52.3,3,17.433,2747.06,老客,小程序,0,0.02
10560,2025-07-13,西南,家居,291.28,2,145.639,346.58,老客,APP,0,0.84
10561,2025-07-14,华东,数码,258.2,4,64.55,408.25,新客,APP,0,0.63
10562,2025-07-15,华东,家居,106.47,5,21.294,1018.0,老客,APP,0,0.1
10563,2025-07-16,西北,服装,21.45,6,3.575,259.11,老客,小程序,0,0.08
10564,2025-07-17,西南,家居,71.98,7,10.283000000000001,3742.43,老客,APP,0,0.02
10565,2025-07-18,西南,数码,330.29,3,110.097,3644.32,老客,网页,0,0.09
10566,2025-07-19,西南,食品,114.92,5,22.984,766.68,老客,网页,1,0.15
10567,2025-07-20,华北,美妆,52.58,5,10.517,4196.79,老客,APP,1,0.01
10568,2025-07-21,西北,美妆,78.14,1,78.143,858.45,老客,小程序,0,0.09
10569,2025-07-22,西南,家居,229.26,5,45.851000000000006,1575.76,老客,APP,1,0.15
10570,2025-07-23,华北,数码,181.27,6,30.212,1319.99,老客,APP,0,0.14
10571,2025-07-24,华南,食品,96.68,3,32.227,1924.3,老客,小程序,1,0.05
10572,2025-07-25,华南,数码,67.14,6,11.19,1347.85,新客,小程序,0,0.05
10573,2025-07-26,华北,数码,65.8,5,13.16,2495.86,新客,小程序,0,0.03
10574,2025-07-27,华北,服装,55.93,6,9.321,2096.3,老客,APP,1,0.03
10575,2025-07-28,西北,服装,426.11,3,142.038,4934.19,老客,APP,1,0.09
10576,2025-07-29,西北,食品,90.44,3,30.147000000000002,374.04,老客,APP,0,0.24
10577,2025-07-30,华南,家居,309.86,1,309.855,796.69,老客,小程序,0,0.39
10578,2025-07-31,西南,服装,304.0,5,60.8,358.85,新客,小程序,0,0.85
10579,2025-08-01,华南,服装,260.1,2,130.05200000000002,3166.62,老客,小程序,0,0.08
10580,2025-08-02,西南,美妆,63.72,3,21.24,367.1,新客,APP,0,0.17
10581,2025-08-03,西南,服装,161.62,4,40.403999999999996,4198.55,老客,APP,0,0.04
10582,2025-08-04,西北,服装,114.78,3,38.259,2608.5,老客,APP,1,0.04
10583,2025-08-05,华东,数码,56.78,3,18.928,2682.34,老客,APP,0,0.02
10584,2025-08-06,华东,食品,151.68,2,75.84200000000001,2851.81,老客,APP,0,0.05
10585,2025-08-07,华北,家居,45.55,4,11.388,936.99,老客,网页,0,0.05
10586,2025-08-08,西北,数码,302.64,5,60.528000000000006,1068.68,老客,网页,0,0.28
10587,2025-08-09,西南,数码,62.09,7,8.87,1662.2,新客,小程序,0,0.04
10588,2025-08-10,华东,家居,105.72,4,26.43,3008.13,新客,APP,0,0.04
10589,2025-08-11,西南,家居,146.8,3,48.932,1129.58,老客,APP,1,0.13
10590,2025-08-12,华东,服装,95.16,4,23.790000000000003,670.03,老客,网页,1,0.14
10591,2025-08-13,华东,美妆,187.1,2,93.548,4853.57,老客,APP,0,0.04
10592,2025-08-14,华东,数码,80.03,3,26.676000000000002,207.71,老客,网页,0,0.39
10593,2025-08-15,西北,服装,180.74,2,90.37,4033.22,新客,APP,0,0.04
10594,2025-08-16,华南,美妆,39.88,4,9.971,3961.37,老客,APP,1,0.01
10595,2025-08-17,西南,服装,129.48,5,25.896000000000004,1556.35,老客,网页,1,0.08
10596,2025-08-18,西北,家居,424.59,3,141.53,764.57,新客,APP,0,0.56
10597,2025-08-19,西北,服装,40.44,3,13.48,813.58,新客,小程序,0,0.05
10598,2025-08-20,西北,服装,68.02,4,17.004,3517.41,老客,小程序,1,0.02
10599,2025-08-21,西北,美妆,135.78,3,45.26,3249.75,新客,APP,0,0.04
10600,2025-08-22,西北,服装,103.92,3,34.64,3935.45,新客,APP,0,0.03
10601,2025-08-23,华北,食品,119.16,4,29.79,4693.66,新客,小程序,1,0.03
10602,2025-08-24,西南,数码,173.06,2,86.528,3490.44,老客,小程序,1,0.05
10603,2025-08-25,西北,数码,194.47,7,27.781000000000002,863.67,老客,APP,0,0.23
10604,2025-08-26,西南,数码,284.31,3,94.77000000000001,1292.87,老客,网页,0,0.22
10605,2025-08-27,华北,家居,162.44,3,54.145,4226.75,老客,APP,0,0.04
10606,2025-08-28,华北,服装,74.22,3,24.74,1125.6,新客,APP,0,0.07
10607,2025-08-29,西南,食品,200.4,5,40.079,455.36,老客,APP,0,0.44
10608,2025-08-30,华东,服装,411.54,2,205.77,3546.07,新客,APP,0,0.12
10609,2025-08-31,华南,美妆,80.94,3,26.98,2072.38,新客,APP,1,0.04
10610,2025-09-01,华东,数码,53.69,5,10.738,4608.2,老客,网页,1,0.01
10611,2025-09-02,华东,食品,283.71,4,70.92800000000001,3286.25,老客,APP,0,0.09
10612,2025-09-03,华东,食品,106.29,4,26.572000000000003,543.05,老客,APP,0,0.2
10613,2025-09-04,西北,食品,20.59,4,5.148,4744.5,老客,APP,0,0.0
10614,2025-09-05,华北,食品,230.5,7,32.929,1366.93,老客,小程序,0,0.17
10615,2025-09-06,华东,食品,58.64,4,14.66,1752.34,新客,网页,0,0.03
10616,2025-09-07,华北,家居,83.72,4,20.93,2071.08,新客,APP,0,0.04
10617,2025-09-08,西南,数码,117.4,2,58.7,351.0,新客,APP,1,0.33
10618,2025-09-09,华南,数码,104.85,3,34.95,2532.93,新客,APP,0,0.04
10619,2025-09-10,西南,美妆,206.44,5,41.288000000000004,704.26,老客,APP,1,0.29
10620,2025-09-11,西南,家居,63.52,4,15.88,2064.75,新客,APP,1,0.03
10621,2025-09-12,西北,食品,135.72,4,33.93,1818.48,新客,APP,0,0.07
10622,2025-09-13,华南,服装,95.08,3,31.694,3886.92,老客,APP,0,0.02
10623,2025-09-14,西南,数码,211.33,4,52.832,4035.54,老客,小程序,1,0.05
10624,2025-09-15,西南,数码,147.28,2,73.64,851.72,新客,APP,1,0.17
10625,2025-09-16,华南,家居,42.6,3,14.2,1896.1,新客,网页,0,0.02
10626,2025-09-17,华南,服装,278.97,3,92.989,1929.43,老客,网页,0,0.14
10627,2025-09-18,西南,数码,76.23,4,19.058,841.91,老客,小程序,0,0.09
10628,2025-09-19,华南,服装,223.39,6,37.232,4012.42,老客,APP,1,0.06
10629,2025-09-20,西南,数码,156.99,4,39.247,3565.42,老客,APP,0,0.04
10630,2025-09-21,西南,家居,509.24,7,72.748,1032.87,老客,APP,0,0.49
10631,2025-09-22,西北,服装,97.85,3,32.617000000000004,1896.94,老客,小程序,1,0.05
10632,2025-09-23,华东,食品,88.45,6,14.742,618.44,老客,APP,0,0.14
10633,2025-09-24,西南,服装,115.21,7,16.458000000000002,3178.21,老客,网页,0,0.04
10634,2025-09-25,华北,服装,70.63,7,10.09,694.72,新客,网页,0,0.1
10635,2025-09-26,华东,数码,221.94,4,55.484,4931.08,老客,APP,1,0.05
10636,2025-09-27,华东,数码,32.11,5,6.422000000000001,3925.34,老客,小程序,0,0.01
10637,2025-09-28,华东,服装,38.76,4,9.69,2012.17,新客,APP,0,0.02
10638,2025-09-29,西北,服装,49.8,3,16.601,2934.96,老客,APP,0,0.02
10639,2025-09-30,西南,家居,192.54,6,32.09,4565.57,新客,APP,0,0.04
10640,2025-10-01,西北,服装,459.81,5,91.962,2815.09,老客,APP,0,0.16
10641,2025-10-02,西南,家居,107.64,3,35.88,955.04,老客,网页,0,0.11
10642,2025-10-03,西北,食品,102.23,1,102.232,1955.65,老客,APP,0,0.05
10643,2025-10-04,西北,食品,123.77,1,123.773,4231.41,老客,APP,1,0.03
10644,2025-10-05,华北,数码,228.06,6,38.01,3256.64,新客,小程序,1,0.07
10645,2025-10-06,西北,服装,55.69,7,7.956,3288.55,老客,小程序,0,0.02
10646,2025-10-07,华南,数码,141.6,2,70.798,4347.43,老客,APP,0,0.03
10647,2025-10-08,华北,数码,255.33,3,85.111,4480.47,老客,网页,0,0.06
10648,2025-10-09,西北,美妆,174.72,6,29.119999999999997,4606.98,老客,小程序,1,0.04
10649,2025-10-10,华东,数码,136.18,5,27.235,564.76,老客,APP,0,0.24
10650,2025-10-11,华南,服装,260.62,4,65.156,2766.22,老客,APP,0,0.09
10651,2025-10-12,华南,家居,10.35,3,3.45,3728.5,新客,APP,0,0.0
10652,2025-10-13,华南,家居,201.28,1,201.27900000000002,3808.94,老客,网页,0,0.05
10653,2025-10-14,华北,家居,69.36,5,13.871,3072.91,老客,小程序,0,0.02
10654,2025-10-15,西北,数码,27.07,6,4.511,917.26,老客,网页,0,0.03
10655,2025-10-16,西北,服装,135.51,3,45.17,4007.36,新客,APP,0,0.03
10656,2025-10-17,华东,服装,270.16,4,67.54,3628.55,新客,APP,1,0.07
10657,2025-10-18,华东,数码,104.83,8,13.104000000000001,522.07,老客,APP,0,0.2
10658,2025-10-19,华南,服装,250.77,6,41.795,2372.67,老客,APP,0,0.11
10659,2025-10-20,华东,数码,425.05,4,106.262,952.49,老客,小程序,0,0.45
10660,2025-10-21,华北,数码,335.04,2,167.51800000000003,1753.64,老客,小程序,0,0.19
10661,2025-10-22,西北,服装,434.56,4,108.64099999999999,188.6,老客,APP,0,2.3
10662,2025-10-23,华南,数码,211.9,5,42.38,2061.62,老客,APP,0,0.1
10663,2025-10-24,华东,家居,95.62,2,47.81,2794.4,新客,APP,0,0.03
10664,2025-10-25,华北,家居,32.5,4,8.125,3135.95,老客,APP,0,0.01
10665,2025-10-26,华北,食品,73.92,4,18.48,3351.1,新客,APP,0,0.02
10666,2025-10-27,华东,数码,59.6,5,11.921000000000001,4197.83,老客,APP,0,0.01
10667,2025-10-28,西北,数码,664.56,2,332.28000000000003,1155.77,老客,APP,1,0.57
10668,2025-10-29,华东,数码,101.67,3,33.891,690.36,老客,APP,0,0.15
10669,2025-10-30,华南,家居,129.17,4,32.292,4272.53,老客,APP,0,0.03
10670,2025-10-31,华东,家居,181.94,3,60.645,867.4,老客,APP,0,0.21
10671,2025-11-01,华北,数码,121.16,2,60.580000000000005,4876.32,老客,小程序,0,0.02
10672,2025-11-02,华东,美妆,349.34,2,174.67,4228.44,新客,APP,0,0.08
10673,2025-11-03,西北,数码,71.14,4,17.784,2554.3,老客,网页,0,0.03
10674,2025-11-04,西南,服装,105.18,1,105.18,4908.96,新客,APP,1,0.02
10675,2025-11-05,华东,家居,64.58,4,16.146,577.15,老客,APP,0,0.11
10676,2025-11-06,西北,食品,31.32,2,15.66,1585.02,新客,APP,0,0.02
10677,2025-11-07,西北,家居,55.18,2,27.59,3227.3,新客,APP,1,0.02
10678,2025-11-08,华北,食品,113.57,8,14.196,1815.03,老客,网页,1,0.06
10679,2025-11-09,西北,服装,82.99,4,20.748,4649.03,老客,APP,0,0.02
10680,2025-11-10,西北,食品,67.24,3,22.412,421.57,老客,网页,0,0.16
10681,2025-11-11,西北,数码,29.2,5,5.84,2792.12,新客,网页,0,0.01
10682,2025-11-12,西北,食品,109.52,5,21.905,2995.24,老客,小程序,0,0.04
10683,2025-11-13,华南,服装,27.01,1,27.01,3298.37,新客,小程序,0,0.01
10684,2025-11-14,华南,食品,214.97,4,53.742000000000004,1352.76,老客,小程序,0,0.16
10685,2025-11-15,华北,服装,125.01,4,31.252,1886.38,老客,APP,1,0.07
10686,2025-11-16,华东,家居,36.5,8,4.563,4234.03,老客,小程序,0,0.01
10687,2025-11-17,西北,服装,91.36,4,22.841,1055.22,老客,APP,0,0.09
10688,2025-11-18,华东,家居,49.32,3,16.44,4151.65,新客,APP,0,0.01
10689,2025-11-19,华东,数码,151.06,5,30.212,2857.01,老客,APP,1,0.05
10690,2025-11-20,华北,数码,341.95,3,113.98400000000001,3834.72,老客,小程序,0,0.09
10691,2025-11-21,西北,数码,26.09,3,8.697000000000001,3596.68,老客,网页,0,0.01
10692,2025-11-22,西北,数码,128.28,4,32.071000000000005,1116.81,老客,APP,0,0.11
10693,2025-11-23,西南,食品,79.19,1,79.19,2887.18,新客,网页,0,0.03
10694,2025-11-24,华东,数码,200.23,1,200.22600000000003,4351.84,老客,APP,0,0.05
10695,2025-11-25,华东,美妆,138.79,4,34.697,2217.37,老客,APP,0,0.06
10696,2025-11-26,华南,服装,49.3,5,9.86,4836.29,新客,APP,0,0.01
10697,2025-11-27,西南,数码,69.72,7,9.96,2315.85,新客,APP,0,0.03
10698,2025-11-28,华南,食品,47.6,5,9.52,799.65,新客,APP,0,0.06
10699,2025-11-29,华南,家居,276.78,3,92.261,2008.23,老客,小程序,0,0.14
10700,2025-11-30,华南,服装,119.03,3,39.676,4763.34,老客,网页,0,0.02
10701,2025-12-01,华北,家居,411.93,9,45.77,1666.63,新客,APP,0,0.25
10702,2025-12-02,华北,家居,111.48,5,22.294999999999998,4353.68,老客,APP,0,0.03
10703,2025-12-03,华南,数码,66.4,4,16.601,4418.13,老客,网页,0,0.02
10704,2025-12-04,西南,美妆,34.87,2,17.433,1815.91,老客,小程序,1,0.02
10705,2025-12-05,华东,美妆,21.27,3,7.09,507.96,新客,APP,0,0.04
10706,2025-12-06,西南,家居,25.36,2,12.68,3650.33,新客,APP,0,0.01
10707,2025-12-07,西北,数码,144.87,4,36.218,1626.41,老客,网页,0,0.09
10708,2025-12-08,华北,家居,135.25,5,27.05,3936.33,新客,小程序,1,0.03
10709,2025-12-09,华东,数码,25.41,1,25.41,2269.01,新客,APP,1,0.01
10710,2025-12-10,华东,数码,239.46,3,79.82000000000001,2477.81,老客,APP,0,0.1
10711,2025-12-11,西北,服装,79.48,6,13.247,3911.76,老客,网页,0,0.02
10712,2025-12-12,西北,服装,101.22,6,16.87,1973.58,新客,APP,0,0.05
10713,2025-12-13,华南,食品,326.96,4,81.74,2271.32,新客,网页,0,0.14
10714,2025-12-14,华北,家居,184.48,2,92.24,1943.33,新客,APP,1,0.09
10715,2025-12-15,华北,家居,72.64,4,18.16,1899.97,新客,小程序,0,0.04
10716,2025-12-16,西南,服装,57.37,3,19.123,2677.14,老客,APP,0,0.02
10717,2025-12-17,华南,服装,20.9,6,3.4840000000000004,4063.12,老客,APP,1,0.01
10718,2025-12-18,华南,服装,65.83,2,32.916000000000004,1872.66,老客,网页,1,0.04
10719,2025-12-19,华南,美妆,98.85,4,24.713000000000005,2668.85,老客,APP,0,0.04
10720,2025-12-20,华南,数码,53.14,4,13.286000000000001,3386.56,老客,小程序,0,0.02
10721,2025-12-21,华北,食品,81.05,5,16.21,1420.25,新客,APP,0,0.06
10722,2025-12-22,华北,家居,124.45,3,41.483000000000004,1459.86,老客,APP,1,0.09
10723,2025-12-23,华南,服装,97.77,3,32.591,4673.72,老客,APP,1,0.02
10724,2025-12-24,西南,家居,69.58,2,34.788000000000004,3645.32,老客,小程序,0,0.02
10725,2025-12-25,华东,服装,103.02,1,103.02,2928.21,新客,APP,0,0.04
10726,2025-12-26,华东,食品,166.65,3,55.549,3273.83,老客,APP,1,0.05
10727,2025-12-27,西南,美妆,48.91,3,16.302,243.57,老客,APP,0,0.2
10728,2025-12-28,华南,服装,361.82,2,180.90800000000002,3128.7,老客,小程序,0,0.12
10729,2025-12-29,华北,服装,83.16,6,13.86,2596.59,新客,小程序,1,0.03
10730,2025-12-30,华东,家居,118.77,8,14.846,2774.17,老客,APP,0,0.04
10731,2025-12-31,西北,美妆,206.23,3,68.744,1861.18,老客,APP,0,0.11
10732,2026-01-01,西北,数码,141.02,3,47.007999999999996,499.22,老客,网页,1,0.28
10733,2026-01-02,西南,家居,250.85,3,83.616,1047.36,老客,APP,1,0.24
10734,2026-01-03,华南,家居,113.26,2,56.63,4758.65,新客,网页,0,0.02
10735,2026-01-04,华东,家居,55.14,3,18.38,2102.63,新客,网页,0,0.03
10736,2026-01-05,华南,数码,120.21,3,40.07,2386.75,新客,小程序,0,0.05
10737,2026-01-06,华东,家居,46.88,6,7.813,358.28,老客,APP,0,0.13
10738,2026-01-07,西南,美妆,98.18,1,98.18,284.07,新客,网页,0,0.35
10739,2026-01-08,西南,数码,113.98,4,28.496000000000002,3614.19,老客,小程序,1,0.03
10740,2026-01-09,西北,数码,99.06,3,33.019999999999996,2736.66,老客,小程序,0,0.04
10741,2026-01-10,华南,美妆,81.24,6,13.54,2592.66,新客,APP,0,0.03
10742,2026-01-11,西北,数码,26.0,4,6.5,1291.31,老客,APP,0,0.02
10743,2026-01-12,华南,食品,75.43,6,12.571,3749.28,老客,APP,1,0.02
10744,2026-01-13,西北,服装,126.04,7,18.005,924.36,老客,小程序,0,0.14
10745,2026-01-14,华北,数码,133.02,4,33.254,1030.68,老客,小程序,0,0.13
10746,2026-01-15,华北,食品,51.4,6,8.567,2357.49,老客,APP,0,0.02
10747,2026-01-16,华北,服装,247.8,3,82.6,1502.77,新客,APP,0,0.16
10748,2026-01-17,华北,服装,58.53,1,58.526,1312.57,老客,APP,0,0.04
10749,2026-01-18,华东,服装,195.51,7,27.93,3261.66,新客,小程序,0,0.06
10750,2026-01-19,华北,家居,164.74,6,27.456000000000003,3289.76,老客,网页,0,0.05
10751,2026-01-20,西南,数码,53.68,4,13.42,4140.13,新客,APP,0,0.01
10752,2026-01-21,西南,服装,484.21,7,69.173,2146.77,老客,APP,0,0.23
10753,2026-01-22,华东,美妆,45.03,4,11.258000000000001,458.12,老客,APP,0,0.1
10754,2026-01-23,华北,服装,244.14,2,122.07000000000001,1440.97,老客,小程序,0,0.17
10755,2026-01-24,华北,家居,200.43,1,200.43,4902.03,新客,小程序,0,0.04
10756,2026-01-25,华北,服装,68.45,3,22.815,3021.67,老客,网页,0,0.02
10757,2026-01-26,西北,食品,356.5,3,118.833,3577.71,老客,APP,0,0.1
10758,2026-01-27,华南,数码,95.81,5,19.162000000000003,136.05,老客,网页,0,0.7
10759,2026-01-28,西北,美妆,113.4,6,18.9,2639.21,新客,APP,0,0.04
10760,2026-01-29,华南,服装,144.12,2,72.059,283.89,老客,小程序,0,0.51
10761,2026-01-30,华北,数码,105.11,5,21.021000000000004,2889.23,老客,APP,0,0.04
10762,2026-01-31,华北,数码,172.2,4,43.05,4611.78,新客,网页,1,0.04
10763,2026-02-01,西北,数码,220.78,3,73.593,4845.25,老客,小程序,1,0.05
10764,2026-02-02,西北,服装,28.91,4,7.228,2748.71,老客,小程序,0,0.01
10765,2026-02-03,华南,服装,332.24,3,110.747,2345.2,老客,网页,0,0.14
10766,2026-02-04,西南,食品,23.8,4,5.95,4730.58,新客,APP,0,0.01
10767,2026-02-05,华南,服装,267.31,6,44.55100000000001,3400.69,老客,APP,0,0.08
10768,2026-02-06,西北,数码,288.21,3,96.07000000000001,418.01,老客,网页,0,0.69
10769,2026-02-07,西北,家居,48.91,6,8.151,2382.06,老客,APP,0,0.02
10770,2026-02-08,华东,家居,84.24,2,42.12,1277.2,老客,APP,0,0.07
10771,2026-02-09,西北,数码,48.32,1,48.321000000000005,2402.04,老客,APP,1,0.02
10772,2026-02-10,华东,数码,98.54,5,19.708000000000002,2331.78,老客,小程序,0,0.04
10773,2026-02-11,西南,数码,70.35,7,10.05,2952.51,新客,APP,1,0.02
10774,2026-02-12,华南,家居,218.34,5,43.66700000000001,1848.18,老客,APP,1,0.12
10775,2026-02-13,华南,家居,333.84,4,83.46000000000001,904.93,老客,APP,0,0.37
10776,2026-02-14,华东,服装,274.92,6,45.82,2568.23,新客,APP,0,0.11
10777,2026-02-15,华南,食品,57.42,3,19.14,4167.99,新客,网页,0,0.01
10778,2026-02-16,西北,食品,98.98,3,32.994,3353.66,老客,网页,0,0.03
10779,2026-02-17,华北,家居,30.42,3,10.14,1758.0,老客,小程序,0,0.02
10780,2026-02-18,华东,食品,61.42,5,12.285,4684.06,老客,APP,0,0.01
10781,2026-02-19,华南,数码,253.24,4,63.31000000000001,4569.82,老客,网页,0,0.06
10782,2026-02-20,华东,数码,327.84,6,54.64,1125.81,新客,小程序,1,0.29
10783,2026-02-21,华东,服装,43.6,3,14.534,293.15,老客,APP,0,0.15
10784,2026-02-22,华北,数码,72.85,3,24.284,3732.41,老客,网页,1,0.02
10785,2026-02-23,西北,服装,114.61,4,28.652,4155.29,老客,小程序,0,0.03
10786,2026-02-24,华东,美妆,112.64,4,28.16,4842.54,新客,小程序,1,0.02
10787,2026-02-25,华南,数码,61.23,5,12.246,4460.2,老客,小程序,0,0.01
10788,2026-02-26,西南,数码,126.36,2,63.18,3042.62,新客,APP,0,0.04
10789,2026-02-27,华东,服装,80.11,1,80.106,2697.26,老客,APP,1,0.03
10790,2026-02-28,华东,美妆,115.67,2,57.837,236.42,老客,小程序,0,0.49
10791,2026-03-01,华北,服装,181.16,5,36.231,1308.62,老客,APP,0,0.14
10792,2026-03-02,西北,服装,90.48,4,22.62,2352.11,新客,APP,0,0.04
10793,2026-03-03,西南,数码,82.55,5,16.509999999999998,3179.67,老客,小程序,0,0.03
10794,2026-03-04,华南,数码,107.2,2,53.599,2830.53,老客,小程序,0,0.04
10795,2026-03-05,西南,美妆,109.04,6,18.174,3738.92,老客,APP,1,0.03
10796,2026-03-06,华南,美妆,87.05,4,21.762,1470.86,老客,小程序,0,0.06
10797,2026-03-07,西北,数码,95.16,5,19.032,2868.27,老客,网页,0,0.03
10798,2026-03-08,华南,美妆,420.42,5,84.08400000000002,531.9,老客,小程序,1,0.79
10799,2026-03-09,华北,家居,183.3,5,36.660000000000004,2126.96,老客,APP,0,0.09
10800,2026-03-10,华北,食品,92.38,2,46.189,3775.79,老客,APP,0,0.02
